Date,EWS,MSCI_BH,60_40,Butterfly,Permanent,RiskParity
2019-01-01,1.0,1.0,1.0,1.0,1.0,1.0
2019-01-08,1.0330161634942039,1.0222337307910077,1.0141427057600958,1.0071177931183535,1.0066834674110754,1.0049047196862244
2019-01-15,1.0537993303540845,1.036103308991302,1.022906352537077,1.0114773657515597,1.0108433943044273,1.0079201395136153
2019-01-22,1.0714597699125048,1.047838187826632,1.0325131511044987,1.0167638499351135,1.0146027326748923,1.0126973822169503
2019-01-29,1.0763925910566634,1.0512159315965737,1.036869906194155,1.02567789247138,1.0221659941218113,1.0217917956996267
2019-02-05,1.1165998108215491,1.0775558264985876,1.0558403060620776,1.0372676166027572,1.0317503471507732,1.0315366332378855
2019-02-12,1.1112303827728527,1.074268901203507,1.0541148466654933,1.0358571090414739,1.030341251476829,1.0305027533665811
2019-02-19,1.1391651200797195,1.09243920087767,1.0660006671436326,1.0476546088150258,1.0414698969831997,1.0404467885941318
2019-02-26,1.1527972303274152,1.1013252382570669,1.0717781556014052,1.0475862524123294,1.0411729782289953,1.0399420247718518
2019-03-05,1.1550875651986596,1.1029557174505182,1.0717494844532642,1.0383545683838244,1.0327150396991007,1.0310537743899983
2019-03-12,1.1470904818271612,1.0980375098701067,1.0719090772611692,1.0439743778436459,1.0366025206871423,1.037587347693462
2019-03-19,1.17433716637493,1.115597170078141,1.0825254271926565,1.0503764367887747,1.0428809158850336,1.0423088347297216
2019-03-26,1.1614753378308789,1.1076266058236655,1.0841755687297614,1.0577567893262563,1.0465436558596435,1.0519793174772392
2019-04-02,1.1812927664277737,1.1203968172245158,1.0910183965949505,1.0547665790463328,1.0441028192853667,1.0480588079025097
2019-04-09,1.1879880990754579,1.1248029811938445,1.0946729349869353,1.0601186956059574,1.048875464373602,1.053093958167113
2019-04-16,1.2017551911243625,1.1336673880178094,1.0996826718274508,1.0558493417402826,1.044873098512622,1.0485603559502035
2019-04-23,1.2102706104876748,1.139198755708083,1.1034082292397989,1.0574734166677984,1.0463013700167194,1.0498995801354267
2019-04-30,1.2103897128686292,1.139449478821684,1.1058593025326293,1.0625470248202424,1.0500763191477067,1.0552732821229376
2019-05-07,1.175597458555023,1.1177902840501108,1.0941757429569732,1.0587477883222343,1.045892208988055,1.0535580279962258
2019-05-14,1.134652641578577,1.0920073686045875,1.078604917458744,1.0545198719593707,1.0420915326681954,1.0511740387633557
2019-05-21,1.1509468201162152,1.1026275248037822,1.0849694144113493,1.0525683116381381,1.040238889031326,1.0487963756725667
2019-05-28,1.1322080828158343,1.090824861575113,1.081041800476284,1.0543853610668596,1.0403296485055258,1.052461733683751
2019-06-04,1.1083764519103043,1.0756810374650845,1.0750426188640692,1.0638132591830045,1.0479408439965003,1.0627426169495617
2019-06-11,1.1591023100327904,1.1086555690619522,1.0961595492990295,1.0746250179434105,1.057885634937391,1.0704477306488034
2019-06-18,1.1605791299998738,1.1097543824141591,1.0999207214175468,1.082655141609026,1.0640276465623288,1.0786510082518932
2019-06-25,1.1635929864173729,1.111826500024296,1.1059548980256426,1.1046676668341409,1.0828666625054162,1.0987022919121692
2019-07-02,1.2002111884717743,1.135307390608976,1.1223456868482464,1.1094694155597815,1.0862323331931647,1.1033632649749907
2019-07-09,1.1941836967850967,1.131669052858829,1.1180967696584843,1.1043861586556654,1.0826370114374035,1.098241492149919
2019-07-16,1.1976353775369417,1.1340052433351484,1.1179265839260273,1.1054632016450252,1.0847455451137482,1.0977620616204862
2019-07-23,1.2026070719272384,1.1372919897171947,1.1223549681510456,1.1113686745366798,1.0891401929342979,1.1037589840332012
2019-07-30,1.1968908628274453,1.1338382757990362,1.1213277982123546,1.113644141768856,1.090860648283222,1.1062401874016325
2019-08-06,1.1145703256924777,1.0819964312067856,1.0974551725652326,1.1177527802798741,1.0908027830635842,1.1155902145657952
2019-08-13,1.12577324249318,1.0893846050155132,1.1042958076695852,1.1284694027942574,1.0999088710849416,1.1251205744634898
2019-08-20,1.1257977102200551,1.0895330710409457,1.1077156067954457,1.133247218348075,1.1025935660488402,1.1310127789148645
2019-08-27,1.116981395557138,1.0839824042315493,1.1074758087945262,1.1429794176859507,1.110209641048201,1.1408302627292328
2019-09-03,1.141335472032597,1.0998743398570179,1.1171792039534587,1.147702464590303,1.1149254696970687,1.1438985686648178
2019-09-10,1.1845497132496827,1.1277735894983205,1.1276919199617614,1.1364942701154304,1.1081891974071651,1.1299250434974157
2019-09-17,1.2148871851726184,1.1471717311462841,1.1369816674746287,1.1412065324962173,1.1143314590622881,1.1316675382864283
2019-09-24,1.2093832811978804,1.1438468906099228,1.1417766457581886,1.1542587092576315,1.1230299078140515,1.1459603016218767
2019-10-01,1.1930147700944898,1.1336550701870676,1.1352744328425466,1.1416058098640178,1.1110592406251159,1.1357577934434364
2019-10-08,1.1623352584997975,1.1143408427042139,1.1253973465715117,1.1421534999634675,1.1106243387241006,1.1375025355128274
2019-10-15,1.2186247132265282,1.1504353677646855,1.1430188215728934,1.1423124709236492,1.1134883821174668,1.1343054259864525
2019-10-22,1.222868026380904,1.153226783277655,1.146435455627203,1.145850479043176,1.1159577647573,1.138000821376034
2019-10-29,1.2494967216945712,1.1700865986693858,1.1553133898064905,1.149253359629784,1.1200746673882176,1.1397178637804068
2019-11-05,1.277583684926571,1.187736429311992,1.165253139882358,1.1521185355609898,1.1232627435500195,1.1413809040114777
2019-11-12,1.2904101352074735,1.1958050968538483,1.1698317971660805,1.1481401736422157,1.1195714320492391,1.1380257706580996
2019-11-19,1.2882456748687678,1.1945870262764817,1.1729544352997847,1.1566205660775555,1.1256289943554225,1.1467911821867856
2019-11-26,1.3013373635782075,1.2028011083949919,1.1803628043294778,1.1589537794620368,1.126444131454134,1.1498993042974193
2019-12-03,1.2754347199987768,1.1869604343958522,1.1721731577833543,1.1602683655419281,1.1271278375176554,1.1517215822792082
2019-12-10,1.2974008100747212,1.2007059240884437,1.1789015539659642,1.15878828240541,1.1266246219067062,1.149593053196822
2019-12-17,1.3355564142775085,1.2243656000113239,1.1931153653175899,1.1675934210291237,1.135103971254768,1.1565092331747675
2019-12-24,1.341228709470148,1.2279552639056341,1.1958591899657416,1.1736902107892375,1.1407330864333411,1.1615893667075483
2019-12-31,1.3345288679058827,1.2239874307911585,1.1939085810246954,1.1777090027292394,1.1445043697169495,1.164675171624172
2020-01-07,1.3410787661290415,1.2281108434286665,1.1972518135988675,1.1893543450818493,1.155347301087946,1.1739312306474186
2020-01-14,1.361878147057545,1.2409311852686893,1.2065606571765077,1.189333930228866,1.154322034571562,1.1754870995583162
2020-01-21,1.3726201011656405,1.2475784456176453,1.2136744250431335,1.1975276791320582,1.160424787376854,1.1834382991751502
2020-01-28,1.3385691498085595,1.2270694266335582,1.204472057449745,1.1984799112867768,1.1597793032121804,1.1846021900142198
2020-02-04,1.341277208325791,1.2288460370837704,1.2061360636715015,1.1960176801780464,1.1571110753712115,1.1832396218575625
2020-02-11,1.383374085445043,1.2546809429447736,1.2234271689301726,1.207785510488139,1.1673376849310737,1.1940916105404735
2020-02-18,1.3687823882008,1.2459842825987635,1.220033864628648,1.2146816568897343,1.173080293267969,1.1995273141512004
2020-02-25,1.2611427427437398,1.1807829673223649,1.1853512594774742,1.2122552977801953,1.1686447443249182,1.1966038630643883
2020-03-03,1.1548043804247,1.114477579119602,1.1489212885726885,1.1990864720362875,1.1538402445890985,1.187327450121554
2020-03-10,1.161728237252101,1.0315781944131115,1.0897598690606303,1.1687941844337055,1.129663943300103,1.1596884369958242
2020-03-17,1.0755069039224645,0.9068719168543666,0.9812325510405376,1.0722570619222513,1.0554681634026595,1.0684254150451757
2020-03-24,1.1406441257536146,0.9261259203143231,0.9749779045099571,1.0685659175612132,1.064441114431634,1.0657953570624026
2020-03-31,1.119644098448542,0.9752522455098805,1.0290465830655926,1.109380042997078,1.089380796485986,1.1036289062213442
2020-04-07,1.1576221258070654,0.9926048031932003,1.0414231310521638,1.125596389914004,1.1043906345538013,1.1217372101908074
2020-04-14,1.2151707491826287,1.030095132736629,1.0821273511543963,1.173321521234049,1.1398877769654747,1.1698596059822592
2020-04-21,1.172371894735053,1.00180317471153,1.0664551781116505,1.1578620140567646,1.1234511660540196,1.1513497530932422
2020-04-28,1.1951517041340494,1.042813509002524,1.0935668034144672,1.176581296771604,1.1410147412166487,1.1712881039278964
2020-05-05,1.1930706203470602,1.032981716390413,1.085131610943152,1.1702711943022504,1.1363673042664155,1.1652289019788273
2020-05-12,1.1930495992987067,1.04953929633523,1.091987087526915,1.170128646392407,1.1385789634795058,1.1656801672253716
2020-05-19,1.1918827967905925,1.0564530594142707,1.1016828530708358,1.1860892860051848,1.1506097302380258,1.1823083659224685
2020-05-26,1.2396818287222542,1.0854456828693486,1.124416422875832,1.1953079652597514,1.1565608474052347,1.189607245573141
2020-06-02,1.3002861452922823,1.1208315060761649,1.1503905339817064,1.2125080283953897,1.1706522774242658,1.2066693195817264
2020-06-09,1.3616512236020355,1.1561068176590925,1.1755272318662928,1.2248950228191353,1.1804496350428826,1.2179968971339739
2020-06-16,1.3201334041440993,1.1326176840667415,1.1646243555228073,1.225559800736357,1.1789478613821012,1.218728328868156
2020-06-23,1.3269773552753819,1.1365419858196857,1.1674586129829176,1.2336380651265797,1.1864651143889533,1.2283047154323277
2020-06-30,1.2962959537528056,1.1190325433672315,1.1574988460291364,1.2331504867253196,1.1854752950828769,1.2286837666417156
2020-07-07,1.3288614205838525,1.1377840825479544,1.1741377976748855,1.2470748846637851,1.1956679744520222,1.2421486598295446
2020-07-14,1.3353943402848971,1.1415227283214775,1.179061807557653,1.2538706126125845,1.2005305243591302,1.249106251888308
2020-07-21,1.3713215171032962,1.1620049007012203,1.1967224148817612,1.2717640080669301,1.2145080118684177,1.2675742209759702
2020-07-28,1.3396923148245263,1.1441446910708353,1.1869008518162958,1.2866474438860145,1.2279566661225612,1.2877251950409472
2020-08-04,1.3448744339140473,1.147101503380228,1.191227303672371,1.2995507120489853,1.2386689097483403,1.3024318024169892
2020-08-11,1.3746544553831077,1.1640425535833194,1.1991695985658535,1.291425176793243,1.2326283186828324,1.2924174186240782
2020-08-18,1.3929267798881662,1.1743645709791584,1.2014476110717838,1.2995469148747427,1.2430210352907578,1.3037449728264952
2020-08-25,1.4144398100342865,1.1864628819133491,1.2087536282840852,1.2880709250651574,1.232127350631216,1.2889867233787344
2020-09-01,1.4202296098382394,1.1897081590114942,1.2114182532286997,1.2997241216654094,1.2428465188235693,1.3024756165770117
2020-09-08,1.3757775445158344,1.1648918773017796,1.194923200192728,1.285227024982085,1.2298454703791228,1.2868567122045993
2020-09-15,1.4137972487206,1.1863605055679798,1.209527174142585,1.2961817269381606,1.2394393722659376,1.2983423377253107
2020-09-22,1.371291424796325,1.1625884365100136,1.195085566912268,1.2801084880267228,1.2240107526945487,1.2802355412921216
2020-09-29,1.3875116618466028,1.1717626131092944,1.1985465681416685,1.2790565504074183,1.2244165935775686,1.2793839804017366
2020-10-06,1.3975283046014335,1.1774083133228601,1.2018480394473987,1.2817861057572415,1.2271387874914745,1.2824205110623723
2020-10-13,1.4410369289935396,1.201852159304035,1.2191353734644443,1.2894132503285058,1.2329676519920976,1.289387865090343
2020-10-20,1.4067879851895395,1.1828159540365253,1.2053341353511497,1.2843527771744834,1.229534066396146,1.2851429631164553
2020-10-27,1.368367616431321,1.161287012053651,1.193912895042762,1.2808035897174335,1.2250309897695724,1.2812739654387806
2020-11-03,1.3666875993932468,1.16034309950145,1.190367517312163,1.2766285792765617,1.2229432226722663,1.2775176139158058
2020-11-10,1.4968027768875516,1.2339964950950086,1.2385544715819916,1.2961658627261794,1.239833218305069,1.2960300145080788
2020-11-17,1.538715866759286,1.2570387494387614,1.2570129794304834,1.3090819604475747,1.249325892513825,1.3084119677639474
2020-11-24,1.5667523125093967,1.2723140866768876,1.2690748741131608,1.3026252769871176,1.2413688879935285,1.298419559013175
2020-12-01,1.5763049228330417,1.2774918917074582,1.2730287501474153,1.3064838061499409,1.244527738958768,1.3024099563091969
2020-12-08,1.586725252342887,1.283127489374274,1.2768653812151323,1.319322369298623,1.256476171577566,1.3171729627608262
2020-12-15,1.5926199153271183,1.2863107773491729,1.278407761315075,1.315719111513422,1.2532688805962853,1.3128881101227186
2020-12-22,1.5833407230186483,1.2813207042041757,1.2768071454144234,1.3192836451953962,1.2558263138435948,1.3168417175562224
2020-12-29,1.6362069391325789,1.3098491574229538,1.2950115253769487,1.3301277003196406,1.2654485094651555,1.32784929376497
2021-01-05,1.6231975336404052,1.3029125138658333,1.288881818306194,1.3383543639445648,1.2745103148824015,1.3385676033799088
2021-01-12,1.6876707541321323,1.3374198938186215,1.3041459792100611,1.3214552503474954,1.2616464669409984,1.3187920452618287
2021-01-19,1.6863389702381721,1.336722386102817,1.3077477435307978,1.3269490596389566,1.2644714443805445,1.3239734961134788
2021-01-26,1.691530986829005,1.3394715473243972,1.3093377608964458,1.3293833924829856,1.2668093516040906,1.3266621363136926
2021-02-02,1.6809456490019399,1.333887326295148,1.3034510405757518,1.3215478097586972,1.2609245780648664,1.3186324793394675
2021-02-09,1.7460339524158184,1.368322672307613,1.323227859901874,1.330043323052136,1.2692815822023016,1.3272631147193095
2021-02-16,1.7920945218071025,1.392389902779062,1.3328987623015118,1.3230363933819163,1.2651708300303206,1.3196077562182156
2021-02-23,1.7488297087195925,1.3699818516773057,1.3154627183550311,1.3139373373390746,1.2591796654321106,1.3112011899175477
2021-03-02,1.7275451436435187,1.3588687191132336,1.3086757318464504,1.2980331094689355,1.244170084353656,1.2934506718484475
2021-03-09,1.7459996124584742,1.3685485425829362,1.3065942573500327,1.2870755032074468,1.2382291809512371,1.2830639857495576
2021-03-16,1.8078645358538021,1.4008769455885308,1.3231694158740193,1.2946222142332895,1.246641535593655,1.2919775669263176
2021-03-23,1.7808399601203648,1.3869166458125857,1.3169927413127813,1.2932903107147538,1.2443375606691547,1.2895772132710843
2021-03-30,1.809553814792805,1.4018257608117433,1.32483693353898,1.288034196550218,1.2396650020976905,1.2853398683505362
2021-04-06,1.8375961729956622,1.4163097023798932,1.3378191658509544,1.3081838820045117,1.2562698279227862,1.303471819404133
2021-04-13,1.8568088125687203,1.426182591670697,1.3450415675525973,1.3123416302145472,1.2593083263050198,1.3078741973130512
2021-04-20,1.8738477174208596,1.43490906771268,1.3494354470901386,1.3206569053608521,1.2676070392278442,1.3133049634320806
