Date,ens,flag,pct_mvg,pct_svm,pct_ae,pct_if,Y
2022-01-04,0.14045698924731181,0,0.0846774193548387,0.05510752688172043,0.19623655913978494,0.3077956989247312,1.0
2022-01-11,0.3024193548387097,0,0.32123655913978494,0.05510752688172043,0.31586021505376344,0.28897849462365593,1.0
2022-01-18,0.5369623655913978,0,0.6223118279569892,0.1922043010752688,0.5524193548387096,0.521505376344086,1.0
2022-01-25,0.6599462365591398,0,0.8064516129032258,0.44086021505376344,0.6505376344086021,0.6693548387096774,1.0
2022-02-01,0.6700268817204301,0,0.760752688172043,0.4206989247311828,0.6303763440860215,0.7096774193548387,1.0
2022-02-08,0.8111559139784946,0,0.8387096774193549,0.7163978494623656,0.7836021505376344,0.8763440860215054,1.0
2022-02-15,0.7842741935483871,0,0.9139784946236559,0.6008064516129032,0.7110215053763441,0.8575268817204301,1.0
2022-02-22,0.6431451612903225,0,0.9139784946236559,0.6438172043010753,0.5725806451612904,0.6424731182795699,1.0
2022-03-01,0.9811827956989247,1,0.9879032258064516,0.9758064516129032,0.9865591397849462,0.967741935483871,1.0
2022-03-08,0.9959677419354839,1,0.9973118279569892,0.9852150537634409,0.9986559139784946,0.9946236559139785,1.0
2022-03-15,0.9919354838709677,1,0.9946236559139785,0.989247311827957,0.9973118279569892,0.9879032258064516,1.0
2022-03-22,0.9838709677419355,1,0.9865591397849462,0.9758064516129032,0.9811827956989247,0.9905913978494624,1.0
2022-03-29,0.9240591397849462,0,0.9435483870967742,0.9166666666666666,0.9247311827956989,0.9233870967741935,1.0
2022-04-05,0.8884408602150538,0,0.918010752688172,0.8158602150537635,0.8911290322580645,0.885752688172043,1.0
2022-04-12,0.8938172043010753,0,0.9206989247311828,0.875,0.8655913978494624,0.9126344086021505,1.0
2022-04-19,0.7668010752688172,0,0.7755376344086021,0.7580645161290323,0.6491935483870968,0.8682795698924731,1.0
2022-04-26,0.9112903225806451,0,0.907258064516129,0.9153225806451613,0.896505376344086,0.9448924731182796,1.0
2022-05-03,0.8353494623655914,0,0.8938172043010753,0.7768817204301075,0.7338709677419355,0.9220430107526881,1.0
2022-05-10,0.8508064516129032,0,0.8951612903225806,0.8064516129032258,0.7809139784946236,0.9126344086021505,1.0
2022-05-17,0.7856182795698925,0,0.8400537634408602,0.6196236559139785,0.7459677419354839,0.8252688172043011,1.0
2022-05-24,0.6848118279569892,0,0.8064516129032258,0.5725806451612904,0.6209677419354839,0.7486559139784946,1.0
2022-05-31,0.8279569892473118,0,0.8467741935483871,0.625,0.8091397849462365,0.8575268817204301,1.0
2022-06-07,0.7493279569892473,0,0.8830645161290323,0.6438172043010753,0.739247311827957,0.7594086021505376,1.0
2022-06-14,1.0,1,1.0,1.0,1.0,1.0,1.0
2022-06-21,0.9254032258064516,0,0.9610215053763441,0.8521505376344086,0.9381720430107527,0.9126344086021505,1.0
2022-06-28,0.866263440860215,0,0.9139784946236559,0.8118279569892473,0.8655913978494624,0.8669354838709677,1.0
2022-07-05,0.9899193548387097,1,0.9879032258064516,0.9919354838709677,0.9973118279569892,0.9623655913978495,1.0
2022-07-12,0.9280913978494624,0,0.9865591397849462,0.9059139784946236,0.9381720430107527,0.918010752688172,1.0
2022-07-19,0.928763440860215,0,0.9650537634408602,0.8844086021505376,0.9422043010752689,0.9153225806451613,1.0
2022-07-26,0.9422043010752689,0,0.9448924731182796,0.9422043010752689,0.9422043010752689,0.8991935483870968,1.0
2022-08-02,0.969758064516129,1,0.9865591397849462,0.956989247311828,0.9744623655913979,0.9650537634408602,1.0
2022-08-09,0.9220430107526881,0,0.9368279569892473,0.9045698924731183,0.946236559139785,0.907258064516129,1.0
2022-08-16,0.8004032258064516,0,0.8696236559139785,0.7204301075268817,0.8454301075268817,0.7553763440860215,1.0
2022-08-23,0.9946236559139785,1,0.9959677419354839,0.989247311827957,0.9973118279569892,0.9932795698924731,1.0
2022-08-30,0.8850806451612903,0,0.9422043010752689,0.8561827956989247,0.9059139784946236,0.864247311827957,1.0
2022-09-06,0.915994623655914,0,0.9166666666666666,0.9153225806451613,0.8844086021505376,0.928763440860215,1.0
2022-09-13,0.8030913978494624,0,0.9086021505376344,0.7553763440860215,0.8454301075268817,0.760752688172043,1.0
2022-09-20,0.9596774193548387,1,0.946236559139785,0.9556451612903226,0.978494623655914,0.9637096774193549,1.0
2022-09-27,1.0,1,1.0,1.0,1.0,0.9973118279569892,1.0
2022-10-04,0.9952956989247312,1,0.9959677419354839,0.9946236559139785,0.9973118279569892,0.9905913978494624,1.0
2022-10-11,0.9966397849462365,1,0.9959677419354839,0.9932795698924731,0.9973118279569892,0.9986559139784946,1.0
2022-10-18,0.9939516129032258,1,1.0,0.989247311827957,0.9986559139784946,0.9448924731182796,1.0
2022-10-25,0.928763440860215,0,0.9731182795698925,0.8776881720430108,0.9422043010752689,0.9153225806451613,0.0
2022-11-01,0.7762096774193548,0,0.8951612903225806,0.7580645161290323,0.7943548387096774,0.7553763440860215,0.0
2022-11-08,0.9737903225806452,1,0.9865591397849462,0.9610215053763441,0.9879032258064516,0.9583333333333334,0.0
2022-11-15,0.9946236559139785,1,0.9959677419354839,0.9932795698924731,0.9973118279569892,0.9905913978494624,0.0
2022-11-22,0.9038978494623655,0,0.907258064516129,0.9045698924731183,0.9032258064516129,0.8346774193548387,0.0
2022-11-29,0.8844086021505376,0,0.8897849462365591,0.8790322580645161,0.9018817204301075,0.8373655913978495,0.0
2022-12-06,0.926747311827957,0,0.9086021505376344,0.9543010752688172,0.9126344086021505,0.9408602150537635,0.0
2022-12-13,0.8178763440860215,0,0.9139784946236559,0.771505376344086,0.864247311827957,0.7231182795698925,0.0
2022-12-20,0.9879032258064516,1,0.9852150537634409,0.9758064516129032,0.9959677419354839,0.9905913978494624,0.0
2022-12-27,0.9529569892473119,0,0.9381720430107527,0.928763440860215,0.9811827956989247,0.967741935483871,0.0
2023-01-03,0.7755376344086021,0,0.853494623655914,0.6747311827956989,0.8024193548387096,0.7486559139784946,0.0
2023-01-10,0.9294354838709677,0,0.9314516129032258,0.9395161290322581,0.9274193548387096,0.9206989247311828,0.0
2023-01-17,0.8817204301075269,0,0.907258064516129,0.9059139784946236,0.8575268817204301,0.8104838709677419,0.0
2023-01-24,0.8084677419354839,0,0.8279569892473119,0.7983870967741935,0.8185483870967742,0.5698924731182796,0.0
2023-01-31,0.564516129032258,0,0.6276881720430108,0.5013440860215054,0.7473118279569892,0.4905913978494624,0.0
2023-02-07,0.8333333333333333,0,0.8897849462365591,0.7983870967741935,0.7943548387096774,0.8682795698924731,0.0
2023-02-14,0.887768817204301,0,0.8991935483870968,0.8763440860215054,0.9354838709677419,0.8481182795698925,0.0
2023-02-21,0.8575268817204301,0,0.8696236559139785,0.831989247311828,0.8454301075268817,0.907258064516129,0.0
2023-02-28,0.8393817204301075,0,0.8709677419354839,0.8077956989247311,0.8776881720430108,0.7647849462365591,0.0
2023-03-07,0.8057795698924731,0,0.8293010752688172,0.782258064516129,0.864247311827957,0.6801075268817204,1.0
2023-03-14,0.9724462365591398,1,0.9502688172043011,0.9838709677419355,0.9744623655913979,0.9704301075268817,1.0
2023-03-21,0.7990591397849462,0,0.8494623655913979,0.7876344086021505,0.8104838709677419,0.7876344086021505,1.0
2023-03-28,0.8810483870967742,0,0.8736559139784946,0.8481182795698925,0.946236559139785,0.8884408602150538,1.0
2023-04-04,0.967741935483871,1,0.9717741935483871,0.9489247311827957,0.9771505376344086,0.9637096774193549,1.0
2023-04-11,0.6633064516129032,0,0.7244623655913979,0.5120967741935484,0.7311827956989247,0.6021505376344086,1.0
2023-04-18,0.8178763440860215,0,0.7432795698924731,0.7903225806451613,0.8454301075268817,0.885752688172043,1.0
2023-04-25,0.8299731182795699,0,0.8104838709677419,0.8521505376344086,0.8494623655913979,0.7889784946236559,1.0
2023-05-02,0.6498655913978495,0,0.6626344086021505,0.6370967741935484,0.6948924731182796,0.44086021505376344,0.0
2023-05-09,0.6129032258064516,0,0.6545698924731183,0.521505376344086,0.7271505376344086,0.571236559139785,0.0
2023-05-16,0.42405913978494625,0,0.43010752688172044,0.41397849462365593,0.5255376344086021,0.41801075268817206,0.0
2023-05-23,0.8958333333333333,0,0.8951612903225806,0.9032258064516129,0.896505376344086,0.8897849462365591,0.0
2023-05-30,0.8413978494623656,0,0.885752688172043,0.8373655913978495,0.8454301075268817,0.7553763440860215,0.0
2023-06-06,0.782258064516129,0,0.8198924731182796,0.793010752688172,0.771505376344086,0.6975806451612904,0.0
2023-06-13,0.8803763440860215,0,0.8911290322580645,0.8696236559139785,0.9193548387096774,0.864247311827957,0.0
2023-06-20,0.8420698924731183,0,0.8387096774193549,0.8763440860215054,0.8454301075268817,0.5241935483870968,0.0
2023-06-27,0.8413978494623656,0,0.8279569892473119,0.8548387096774194,0.8629032258064516,0.5994623655913979,0.0
2023-07-04,0.7513440860215054,0,0.7083333333333334,0.7943548387096774,0.8387096774193549,0.6908602150537635,0.0
2023-07-11,0.8111559139784946,0,0.8010752688172043,0.8077956989247311,0.8870967741935484,0.8145161290322581,0.0
2023-07-18,0.9576612903225807,1,0.956989247311828,0.967741935483871,0.9583333333333334,0.8306451612903226,0.0
2023-07-25,0.7184139784946236,0,0.7620967741935484,0.6747311827956989,0.8185483870967742,0.5403225806451613,0.0
2023-08-01,0.7560483870967742,0,0.6733870967741935,0.7903225806451613,0.8413978494623656,0.7217741935483871,0.0
2023-08-08,0.5625,0,0.5672043010752689,0.5577956989247311,0.5860215053763441,0.5510752688172043,0.0
2023-08-15,0.909274193548387,0,0.8064516129032258,0.918010752688172,0.9005376344086021,0.9341397849462365,0.0
2023-08-22,0.6330645161290323,0,0.6303763440860215,0.635752688172043,0.7809139784946236,0.6021505376344086,0.0
2023-08-29,0.8696236559139785,0,0.8467741935483871,0.9153225806451613,0.8924731182795699,0.8118279569892473,0.0
2023-09-05,0.6633064516129032,0,0.5416666666666666,0.6075268817204301,0.7190860215053764,0.7231182795698925,0.0
2023-09-12,0.47043010752688175,0,0.4435483870967742,0.49731182795698925,0.592741935483871,0.21505376344086022,0.0
2023-09-19,0.5288978494623655,0,0.5147849462365591,0.543010752688172,0.7056451612903226,0.4032258064516129,0.0
2023-09-26,0.909274193548387,0,0.8548387096774194,0.9126344086021505,0.9059139784946236,0.9368279569892473,0.0
2023-10-03,0.9422043010752688,0,0.9206989247311828,0.9489247311827957,0.9475806451612904,0.9368279569892473,0.0
2023-10-10,0.928763440860215,0,0.9274193548387096,0.9301075268817204,0.9516129032258065,0.9153225806451613,0.0
2023-10-17,0.883736559139785,0,0.8440860215053764,0.8776881720430108,0.9274193548387096,0.8897849462365591,0.0
2023-10-24,0.6633064516129032,0,0.6693548387096774,0.6451612903225806,0.8131720430107527,0.657258064516129,0.0
2023-10-31,0.6370967741935484,0,0.6303763440860215,0.6438172043010753,0.7836021505376344,0.4717741935483871,0.0
2023-11-07,0.9791666666666667,1,0.9865591397849462,0.978494623655914,0.9798387096774194,0.9435483870967742,0.0
2023-11-14,0.7748655913978495,0,0.7526881720430108,0.831989247311828,0.7970430107526881,0.717741935483871,0.0
2023-11-21,0.8098118279569892,0,0.8387096774193549,0.8844086021505376,0.7809139784946236,0.7647849462365591,0.0
2023-11-28,0.7486559139784946,0,0.6693548387096774,0.8185483870967742,0.8454301075268817,0.678763440860215,0.0
2023-12-05,0.866263440860215,0,0.8803763440860215,0.9153225806451613,0.8521505376344086,0.6948924731182796,0.0
2023-12-12,0.7466397849462365,0,0.7473118279569892,0.7459677419354839,0.8131720430107527,0.4717741935483871,0.0
2023-12-19,0.9408602150537635,0,0.9408602150537635,0.9771505376344086,0.9260752688172043,0.9408602150537635,0.0
2023-12-26,0.771505376344086,0,0.7782258064516129,0.7809139784946236,0.7647849462365591,0.46908602150537637,0.0
2024-01-02,0.6323924731182795,0,0.6048387096774194,0.6599462365591398,0.8091397849462365,0.5793010752688172,0.0
2024-01-09,0.771505376344086,0,0.7029569892473119,0.7741935483870968,0.8696236559139785,0.7688172043010753,0.0
2024-01-16,0.6236559139784946,0,0.6075268817204301,0.6397849462365591,0.7889784946236559,0.42338709677419356,0.0
2024-01-23,0.8138440860215054,0,0.7674731182795699,0.8440860215053764,0.8924731182795699,0.7836021505376344,0.0
2024-01-30,0.7211021505376344,0,0.6599462365591398,0.782258064516129,0.8454301075268817,0.5739247311827957,0.0
2024-02-06,0.5463709677419355,0,0.5161290322580645,0.5766129032258065,0.7473118279569892,0.42876344086021506,0.0
2024-02-13,0.8891129032258065,0,0.8884408602150538,0.8830645161290323,0.8911290322580645,0.8897849462365591,0.0
2024-02-20,0.5376344086021505,0,0.5174731182795699,0.6061827956989247,0.5577956989247311,0.2110215053763441,0.0
2024-02-27,0.6048387096774194,0,0.5658602150537635,0.6438172043010753,0.6599462365591398,0.37768817204301075,0.0
2024-03-05,0.8810483870967742,0,0.885752688172043,0.9153225806451613,0.8763440860215054,0.7661290322580645,0.0
2024-03-12,0.7405913978494624,0,0.7311827956989247,0.75,0.782258064516129,0.5255376344086021,0.0
2024-03-19,0.5658602150537635,0,0.5349462365591398,0.5940860215053764,0.7271505376344086,0.5376344086021505,0.0
2024-03-26,0.5221774193548387,0,0.5094086021505376,0.543010752688172,0.5349462365591398,0.13978494623655913,0.0
2024-04-02,0.581989247311828,0,0.614247311827957,0.5497311827956989,0.7809139784946236,0.4717741935483871,0.0
2024-04-09,0.584005376344086,0,0.5658602150537635,0.6021505376344086,0.6868279569892473,0.21236559139784947,0.0
2024-04-16,0.9791666666666667,1,0.956989247311828,0.9758064516129032,0.9825268817204301,0.9825268817204301,0.0
2024-04-23,0.7163978494623656,0,0.7352150537634409,0.6975806451612904,0.793010752688172,0.40725806451612906,0.0
2024-04-30,0.648521505376344,0,0.6223118279569892,0.6747311827956989,0.8306451612903226,0.5739247311827957,0.0
2024-05-07,0.9206989247311828,0,0.9099462365591398,0.9516129032258065,0.9314516129032258,0.896505376344086,0.0
2024-05-14,0.8306451612903225,0,0.7970430107526881,0.864247311827957,0.9126344086021505,0.6451612903225806,0.0
2024-05-21,0.6908602150537635,0,0.635752688172043,0.782258064516129,0.7459677419354839,0.3817204301075269,0.0
2024-05-28,0.7869623655913979,0,0.75,0.8185483870967742,0.8924731182795699,0.7553763440860215,0.0
2024-06-04,0.8891129032258065,0,0.8521505376344086,0.928763440860215,0.9260752688172043,0.7553763440860215,0.0
2024-06-11,0.6666666666666667,0,0.614247311827957,0.7190860215053764,0.8131720430107527,0.5053763440860215,0.0
2024-06-18,0.907258064516129,0,0.9005376344086021,0.9422043010752689,0.9139784946236559,0.7876344086021505,0.0
2024-06-25,0.5174731182795699,0,0.4475806451612903,0.5873655913978495,0.6908602150537635,0.17204301075268819,0.0
2024-07-02,0.8803763440860215,0,0.6599462365591398,0.8830645161290323,0.8884408602150538,0.8776881720430108,0.0
2024-07-09,0.7022849462365591,0,0.6586021505376344,0.7916666666666666,0.7459677419354839,0.45026881720430106,0.0
2024-07-16,0.7036290322580645,0,0.717741935483871,0.8440860215053764,0.6586021505376344,0.6895161290322581,0.0
2024-07-23,0.7204301075268817,0,0.6370967741935484,0.7567204301075269,0.8266129032258065,0.6841397849462365,0.0
2024-07-30,0.6720430107526882,0,0.6532258064516129,0.8024193548387096,0.6155913978494624,0.6908602150537635,1.0
2024-08-06,0.9758064516129032,1,0.9650537634408602,0.9865591397849462,0.9475806451612904,0.9905913978494624,1.0
2024-08-13,0.9012096774193548,0,0.8991935483870968,0.9045698924731183,0.9032258064516129,0.8870967741935484,1.0
2024-08-20,0.9220430107526881,0,0.8911290322580645,0.9153225806451613,0.9502688172043011,0.928763440860215,0.0
2024-08-27,0.8763440860215054,0,0.8266129032258065,0.853494623655914,0.9045698924731183,0.8991935483870968,0.0
2024-09-03,0.6915322580645161,0,0.728494623655914,0.6545698924731183,0.760752688172043,0.4543010752688172,0.0
2024-09-10,0.8440860215053763,0,0.7755376344086021,0.9126344086021505,0.793010752688172,0.8951612903225806,0.0
2024-09-17,0.7036290322580645,0,0.6424731182795699,0.7741935483870968,0.6854838709677419,0.7217741935483871,0.0
2024-09-24,0.9321236559139785,0,0.9448924731182796,0.9193548387096774,0.9811827956989247,0.9126344086021505,0.0
2024-10-01,0.8702956989247312,0,0.8991935483870968,0.8413978494623656,0.9059139784946236,0.7258064516129032,0.0
2024-10-08,0.9448924731182796,0,0.9112903225806451,0.9516129032258065,0.9381720430107527,0.9798387096774194,0.0
2024-10-15,0.883736559139785,0,0.8897849462365591,0.8776881720430108,0.9126344086021505,0.7916666666666666,0.0
2024-10-22,0.8918010752688172,0,0.8897849462365591,0.8938172043010753,0.9327956989247311,0.8763440860215054,0.0
2024-10-29,0.8763440860215054,0,0.8588709677419355,0.8938172043010753,0.9193548387096774,0.7768817204301075,0.0
2024-11-05,0.831989247311828,0,0.8817204301075269,0.782258064516129,0.896505376344086,0.7446236559139785,0.0
2024-11-12,0.9119623655913978,0,0.907258064516129,0.9153225806451613,0.9301075268817204,0.9086021505376344,0.0
2024-11-19,0.6794354838709677,0,0.6505376344086021,0.7083333333333334,0.7271505376344086,0.4314516129032258,0.0
2024-11-26,0.665994623655914,0,0.6948924731182796,0.7943548387096774,0.6370967741935484,0.5994623655913979,0.0
2024-12-03,0.896505376344086,0,0.9059139784946236,0.9126344086021505,0.8870967741935484,0.8561827956989247,0.0
2024-12-10,0.6303763440860215,0,0.6545698924731183,0.6330645161290323,0.6276881720430108,0.4583333333333333,0.0
2024-12-17,0.8044354838709677,0,0.6276881720430108,0.7903225806451613,0.8185483870967742,0.8373655913978495,0.0
2024-12-24,0.8366935483870968,0,0.7298387096774194,0.831989247311828,0.8413978494623656,0.8669354838709677,0.0
2024-12-31,0.6720430107526881,0,0.6814516129032258,0.6626344086021505,0.8104838709677419,0.5510752688172043,0.0
2025-01-07,0.7473118279569892,0,0.6975806451612904,0.7352150537634409,0.8521505376344086,0.7594086021505376,0.0
2025-01-14,0.8743279569892473,0,0.8897849462365591,0.8440860215053764,0.9126344086021505,0.8588709677419355,0.0
2025-01-21,0.8797043010752688,0,0.8736559139784946,0.9381720430107527,0.7634408602150538,0.885752688172043,0.0
2025-01-28,0.5793010752688172,0,0.5510752688172043,0.6196236559139785,0.6075268817204301,0.2674731182795699,0.0
2025-02-04,0.7600806451612903,0,0.7567204301075269,0.803763440860215,0.7634408602150538,0.3790322580645161,0.0
2025-02-11,0.8138440860215054,0,0.7526881720430108,0.875,0.8763440860215054,0.5913978494623656,0.0
2025-02-18,0.7896505376344086,0,0.7526881720430108,0.8266129032258065,0.8924731182795699,0.5053763440860215,0.0
2025-02-25,0.8192204301075269,0,0.853494623655914,0.9206989247311828,0.7849462365591398,0.7540322580645161,0.0
2025-03-04,0.8568548387096775,0,0.8252688172043011,0.9032258064516129,0.8884408602150538,0.8010752688172043,0.0
2025-03-11,0.9885752688172043,1,0.9879032258064516,0.989247311827957,1.0,0.9583333333333334,0.0
2025-03-18,0.9637096774193549,1,0.9650537634408602,0.9623655913978495,0.9865591397849462,0.8629032258064516,0.0
2025-03-25,0.9375,0,0.946236559139785,0.928763440860215,0.9731182795698925,0.7526881720430108,0.0
2025-04-01,0.8346774193548387,0,0.8723118279569892,0.9193548387096774,0.7970430107526881,0.7405913978494624,0.0
2025-04-08,1.0,1,1.0,1.0,1.0,0.9986559139784946,1.0
2025-04-15,0.9993279569892473,1,1.0,0.9986559139784946,1.0,0.9973118279569892,1.0
2025-04-22,0.9946236559139785,1,0.9959677419354839,0.9932795698924731,0.9986559139784946,0.9879032258064516,1.0
2025-04-29,0.9986559139784946,1,1.0,0.9973118279569892,1.0,0.9637096774193549,1.0
2025-05-06,0.9831989247311828,1,0.9879032258064516,0.978494623655914,0.9973118279569892,0.9126344086021505,1.0
2025-05-13,0.9899193548387097,1,0.9879032258064516,0.9919354838709677,0.9973118279569892,0.9798387096774194,0.0
2025-05-20,0.9684139784946237,1,0.9731182795698925,0.9637096774193549,0.9879032258064516,0.8279569892473119,0.0
2025-05-27,0.9663978494623656,1,0.9637096774193549,0.9690860215053764,0.9758064516129032,0.7647849462365591,0.0
2025-06-03,0.9361559139784946,0,0.9233870967741935,0.9489247311827957,0.9704301075268817,0.571236559139785,0.0
2025-06-10,0.9213709677419355,0,0.9139784946236559,0.928763440860215,0.9489247311827957,0.34139784946236557,0.0
2025-06-17,0.915994623655914,0,0.9018817204301075,0.9301075268817204,0.9475806451612904,0.7096774193548387,0.0
2025-06-24,0.9509408602150538,0,0.9448924731182796,0.956989247311828,0.9731182795698925,0.6115591397849462,0.0
2025-07-01,0.9274193548387096,0,0.9193548387096774,0.9354838709677419,0.9381720430107527,0.4717741935483871,0.0
2025-07-08,0.9307795698924731,0,0.9193548387096774,0.9422043010752689,0.978494623655914,0.7782258064516129,0.0
2025-07-15,0.930779569892473,0,0.9247311827956989,0.9368279569892473,0.9744623655913979,0.6612903225806451,0.0
2025-07-22,0.8998655913978495,0,0.8991935483870968,0.9422043010752689,0.9005376344086021,0.5954301075268817,0.0
2025-07-29,0.9166666666666666,0,0.9139784946236559,0.9193548387096774,0.9489247311827957,0.5524193548387096,0.0
2025-08-05,0.9032258064516129,0,0.918010752688172,0.9489247311827957,0.8884408602150538,0.5793010752688172,0.0
2025-08-12,0.9307795698924731,0,0.9233870967741935,0.9381720430107527,0.9717741935483871,0.5618279569892473,0.0
2025-08-19,0.9354838709677419,0,0.9341397849462365,0.9368279569892473,0.9731182795698925,0.43413978494623656,0.0
2025-08-26,0.915994623655914,0,0.9193548387096774,0.928763440860215,0.9126344086021505,0.2701612903225806,0.0
2025-09-02,0.9220430107526881,0,0.9139784946236559,0.9301075268817204,0.9516129032258065,0.4583333333333333,0.0
2025-09-09,0.9522849462365592,0,0.9556451612903226,0.9758064516129032,0.9489247311827957,0.717741935483871,0.0
2025-09-16,0.9489247311827957,0,0.9448924731182796,0.9529569892473119,0.9583333333333334,0.5040322580645161,0.0
2025-09-23,0.9583333333333334,1,0.9556451612903226,0.9610215053763441,0.9865591397849462,0.43413978494623656,0.0
2025-09-30,0.9616935483870968,1,0.9610215053763441,0.9623655913978495,0.978494623655914,0.3077956989247312,0.0
2025-10-07,0.9818548387096775,1,0.9852150537634409,0.978494623655914,0.9946236559139785,0.4731182795698925,0.0
2025-10-14,0.9939516129032258,1,0.9946236559139785,0.9932795698924731,0.9973118279569892,0.7405913978494624,0.0
2025-10-21,0.9919354838709677,1,0.9919354838709677,0.9919354838709677,0.9959677419354839,0.46774193548387094,0.0
2025-10-28,0.9818548387096775,1,0.9865591397849462,0.9771505376344086,0.9946236559139785,0.4327956989247312,0.0
2025-11-04,0.9818548387096775,1,0.9852150537634409,0.978494623655914,0.9973118279569892,0.6505376344086021,0.0
2025-11-11,0.9865591397849462,1,0.9865591397849462,0.9865591397849462,0.9973118279569892,0.46774193548387094,0.0
2025-11-18,0.9905913978494624,1,0.9919354838709677,0.989247311827957,0.9973118279569892,0.7486559139784946,0.0
2025-11-25,0.9939516129032258,1,0.9946236559139785,0.9932795698924731,0.9973118279569892,0.5551075268817204,0.0
2025-12-02,0.9932795698924731,1,0.9946236559139785,0.9919354838709677,0.9986559139784946,0.6263440860215054,0.0
2025-12-09,0.9939516129032258,1,0.9946236559139785,0.9932795698924731,0.9986559139784946,0.6411290322580645,0.0
2025-12-16,0.9946236559139785,1,0.9959677419354839,0.9932795698924731,0.9986559139784946,0.44086021505376344,0.0
2025-12-23,0.9946236559139785,1,0.9959677419354839,0.9932795698924731,1.0,0.5591397849462365,0.0
2025-12-30,0.9946236559139785,1,0.9959677419354839,0.9932795698924731,0.9986559139784946,0.40725806451612906,0.0
