model,hyperparam,tau,F2_w,AUC_PR_w
svm,0.05,0.8,0.7120622936835838,0.725882963781113
svm,0.05,0.8025,0.7120622936835838,0.725882963781113
svm,0.05,0.805,0.7134412192985025,0.725882963781113
svm,0.05,0.8075,0.714339765010744,0.725882963781113
svm,0.05,0.81,0.715266825778852,0.725882963781113
svm,0.05,0.8125,0.7171470301973608,0.725882963781113
svm,0.05,0.815,0.7120719072576815,0.725882963781113
svm,0.05,0.8175,0.7130532824408446,0.725882963781113
svm,0.05,0.82,0.7135900510935553,0.725882963781113
svm,0.05,0.8225,0.7138674820825968,0.725882963781113
svm,0.05,0.825,0.7138674820825968,0.725882963781113
svm,0.05,0.8275,0.7102749256538355,0.725882963781113
svm,0.05,0.83,0.7102749256538355,0.725882963781113
svm,0.05,0.8325,0.7111772087740883,0.725882963781113
svm,0.05,0.835,0.7111772087740883,0.725882963781113
svm,0.05,0.8375,0.712737799187754,0.725882963781113
svm,0.05,0.84,0.7130348083059339,0.725882963781113
svm,0.05,0.8425,0.7133388058739534,0.725882963781113
svm,0.05,0.845,0.7076018649698853,0.725882963781113
svm,0.05,0.8475,0.7076018649698853,0.725882963781113
svm,0.05,0.85,0.7042326738164187,0.725882963781113
svm,0.05,0.8525,0.6999879241846722,0.725882963781113
svm,0.05,0.855,0.6939347019033797,0.725882963781113
svm,0.05,0.8575,0.6943827305772148,0.725882963781113
svm,0.05,0.86,0.6943827305772148,0.725882963781113
svm,0.05,0.8625,0.6958514425074563,0.725882963781113
svm,0.05,0.865,0.6958514425074563,0.725882963781113
svm,0.05,0.8675,0.6977535291453805,0.725882963781113
svm,0.05,0.87,0.6982947095952365,0.725882963781113
svm,0.05,0.8725,0.6920543050978857,0.725882963781113
svm,0.05,0.875,0.6933295184095337,0.725882963781113
svm,0.05,0.8775,0.6949081569274677,0.725882963781113
svm,0.05,0.88,0.6959205986138813,0.725882963781113
svm,0.05,0.8825,0.6996244115101823,0.725882963781113
svm,0.05,0.885,0.701963977092832,0.725882963781113
svm,0.05,0.8875,0.6977218034006658,0.725882963781113
svm,0.05,0.89,0.6977218034006658,0.725882963781113
svm,0.05,0.8925,0.6980285283450719,0.725882963781113
svm,0.05,0.895,0.7004195450967715,0.725882963781113
svm,0.05,0.8975,0.7004195450967715,0.725882963781113
svm,0.05,0.9,0.7004195450967715,0.725882963781113
svm,0.05,0.9025,0.7014657795265652,0.725882963781113
svm,0.05,0.905,0.7014657795265652,0.725882963781113
svm,0.05,0.9075,0.6956002610628055,0.725882963781113
svm,0.05,0.91,0.6958304958777103,0.725882963781113
svm,0.05,0.9125,0.6958304958777103,0.725882963781113
svm,0.05,0.915,0.6917108600376443,0.725882963781113
svm,0.05,0.9175,0.6924344163167562,0.725882963781113
svm,0.05,0.92,0.6949563556493067,0.725882963781113
svm,0.05,0.9225,0.6973507415239072,0.725882963781113
svm,0.05,0.925,0.6984679602169958,0.725882963781113
svm,0.05,0.9275,0.6984679602169958,0.725882963781113
svm,0.05,0.93,0.6984679602169958,0.725882963781113
svm,0.05,0.9325,0.6925151927212709,0.725882963781113
svm,0.05,0.935,0.6965091623549116,0.725882963781113
svm,0.05,0.9375,0.6996416545963552,0.725882963781113
svm,0.05,0.94,0.691411201921458,0.725882963781113
svm,0.05,0.9425,0.6877909052512681,0.725882963781113
svm,0.05,0.945,0.6877909052512681,0.725882963781113
svm,0.05,0.9475,0.6813063061740763,0.725882963781113
svm,0.05,0.95,0.6813063061740763,0.725882963781113
svm,0.05,0.9525,0.6813063061740763,0.725882963781113
svm,0.05,0.955,0.6813063061740763,0.725882963781113
svm,0.05,0.9575,0.6813063061740763,0.725882963781113
svm,0.05,0.96,0.6824119077860828,0.725882963781113
svm,0.05,0.9625,0.6720258330564288,0.725882963781113
svm,0.05,0.965,0.6720258330564288,0.725882963781113
svm,0.05,0.9675,0.6667613179241086,0.725882963781113
svm,0.05,0.97,0.6704641771284486,0.725882963781113
svm,0.05,0.9725,0.6666061705989111,0.725882963781113
svm,0.05,0.975,0.6613697848588468,0.725882963781113
svm,0.05,0.9775,0.6555378104193076,0.725882963781113
svm,0.05,0.98,0.6481572414445357,0.725882963781113
svm,0.05,0.9825,0.6481572414445357,0.725882963781113
svm,0.05,0.985,0.6492795336881358,0.725882963781113
svm,0.05,0.9875,0.6435784863889439,0.725882963781113
svm,0.05,0.99,0.6442498827895982,0.725882963781113
svm,0.05,0.9925,0.6482830048546208,0.725882963781113
svm,0.05,0.995,0.6345301895948928,0.725882963781113
svm,0.05,0.9975,0.6271696111463372,0.725882963781113
svm,0.05,1.0,0.6271696111463372,0.725882963781113
svm,0.1,0.8,0.7141004810285526,0.7290351965569865
svm,0.1,0.8025,0.7141004810285526,0.7290351965569865
svm,0.1,0.805,0.7153001229458342,0.7290351965569865
svm,0.1,0.8075,0.7153001229458342,0.7290351965569865
svm,0.1,0.81,0.7155330602856897,0.7290351965569865
svm,0.1,0.8125,0.7123597564188476,0.7290351965569865
svm,0.1,0.815,0.7125971733229312,0.7290351965569865
svm,0.1,0.8175,0.7160913952962705,0.7290351965569865
svm,0.1,0.82,0.7169719700942672,0.7290351965569865
svm,0.1,0.8225,0.7148351123528428,0.7290351965569865
svm,0.1,0.825,0.7150893130188485,0.7290351965569865
svm,0.1,0.8275,0.7107033481065679,0.7290351965569865
svm,0.1,0.83,0.7112285099220523,0.7290351965569865
svm,0.1,0.8325,0.7112285099220523,0.7290351965569865
svm,0.1,0.835,0.7132771011982858,0.7290351965569865
svm,0.1,0.8375,0.7162686273202665,0.7290351965569865
svm,0.1,0.84,0.714389336675777,0.7290351965569865
svm,0.1,0.8425,0.7161759940996894,0.7290351965569865
svm,0.1,0.845,0.7174353051395707,0.7290351965569865
svm,0.1,0.8475,0.7193509193603934,0.7290351965569865
svm,0.1,0.85,0.7193509193603934,0.7290351965569865
svm,0.1,0.8525,0.7193509193603934,0.7290351965569865
svm,0.1,0.855,0.7167915657357915,0.7290351965569865
svm,0.1,0.8575,0.7167915657357915,0.7290351965569865
svm,0.1,0.86,0.7167915657357915,0.7290351965569865
svm,0.1,0.8625,0.7184192405955778,0.7290351965569865
svm,0.1,0.865,0.7197559349338721,0.7290351965569865
svm,0.1,0.8675,0.7200824442230614,0.7290351965569865
svm,0.1,0.87,0.7207599509981292,0.7290351965569865
svm,0.1,0.8725,0.717747385326431,0.7290351965569865
svm,0.1,0.875,0.7073351534088228,0.7290351965569865
svm,0.1,0.8775,0.7091493859774738,0.7290351965569865
svm,0.1,0.88,0.7048971274310659,0.7290351965569865
svm,0.1,0.8825,0.6980796343587743,0.7290351965569865
svm,0.1,0.885,0.6980796343587743,0.7290351965569865
svm,0.1,0.8875,0.7025512548215186,0.7290351965569865
svm,0.1,0.89,0.7046728989928699,0.7290351965569865
svm,0.1,0.8925,0.7046728989928699,0.7290351965569865
svm,0.1,0.895,0.7079000628096866,0.7290351965569865
svm,0.1,0.8975,0.7079000628096866,0.7290351965569865
svm,0.1,0.9,0.7079000628096866,0.7290351965569865
svm,0.1,0.9025,0.7079000628096866,0.7290351965569865
svm,0.1,0.905,0.7079000628096866,0.7290351965569865
svm,0.1,0.9075,0.7079000628096866,0.7290351965569865
svm,0.1,0.91,0.7128221757188156,0.7290351965569865
svm,0.1,0.9125,0.7072329181593096,0.7290351965569865
svm,0.1,0.915,0.7048169875222,0.7290351965569865
svm,0.1,0.9175,0.7051327337885003,0.7290351965569865
svm,0.1,0.92,0.7054579053164813,0.7290351965569865
svm,0.1,0.9225,0.7076801113838151,0.7290351965569865
svm,0.1,0.925,0.7083815704186075,0.7290351965569865
svm,0.1,0.9275,0.7091282848749993,0.7290351965569865
svm,0.1,0.93,0.7104726095576088,0.7290351965569865
svm,0.1,0.9325,0.7049984911508856,0.7290351965569865
svm,0.1,0.935,0.6969885887908335,0.7290351965569865
svm,0.1,0.9375,0.6919291258812105,0.7290351965569865
svm,0.1,0.94,0.6930158286298043,0.7290351965569865
svm,0.1,0.9425,0.6939379847351737,0.7290351965569865
svm,0.1,0.945,0.6963189190919213,0.7290351965569865
svm,0.1,0.9475,0.6963189190919213,0.7290351965569865
svm,0.1,0.95,0.6963189190919213,0.7290351965569865
svm,0.1,0.9525,0.6884492167777745,0.7290351965569865
svm,0.1,0.955,0.6800206752418885,0.7290351965569865
svm,0.1,0.9575,0.6807830156268703,0.7290351965569865
svm,0.1,0.96,0.6829752113733133,0.7290351965569865
svm,0.1,0.9625,0.6688530630805702,0.7290351965569865
svm,0.1,0.965,0.670908539245096,0.7290351965569865
svm,0.1,0.9675,0.6719933585548796,0.7290351965569865
svm,0.1,0.97,0.6729770650868502,0.7290351965569865
svm,0.1,0.9725,0.6740682283692057,0.7290351965569865
svm,0.1,0.975,0.6756469597007078,0.7290351965569865
svm,0.1,0.9775,0.6667459122002323,0.7290351965569865
svm,0.1,0.98,0.6619758170276604,0.7290351965569865
svm,0.1,0.9825,0.6560735413353448,0.7290351965569865
svm,0.1,0.985,0.6452470833001807,0.7290351965569865
svm,0.1,0.9875,0.6452470833001807,0.7290351965569865
svm,0.1,0.99,0.6472635625614324,0.7290351965569865
svm,0.1,0.9925,0.6465002234233004,0.7290351965569865
svm,0.1,0.995,0.6357242576754772,0.7290351965569865
svm,0.1,0.9975,0.6294311680490542,0.7290351965569865
svm,0.1,1.0,0.6294311680490542,0.7290351965569865
svm,0.15,0.8,0.7069651219076143,0.7271242075807844
svm,0.15,0.8025,0.7072025388116979,0.7271242075807844
svm,0.15,0.805,0.7090507140385467,0.7271242075807844
svm,0.15,0.8075,0.709297486605898,0.7271242075807844
svm,0.15,0.81,0.7098058380946415,0.7271242075807844
svm,0.15,0.8125,0.7117111840355693,0.7271242075807844
svm,0.15,0.815,0.713126408887048,0.7271242075807844
svm,0.15,0.8175,0.7099899166741473,0.7271242075807844
svm,0.15,0.82,0.7099899166741473,0.7271242075807844
svm,0.15,0.8225,0.7099899166741473,0.7271242075807844
svm,0.15,0.825,0.7081145296289241,0.7271242075807844
svm,0.15,0.8275,0.7032412352819455,0.7271242075807844
svm,0.15,0.83,0.703770335811046,0.7271242075807844
svm,0.15,0.8325,0.7046509106090426,0.7271242075807844
svm,0.15,0.835,0.7060736070980357,0.7271242075807844
svm,0.15,0.8375,0.7063510380870771,0.7271242075807844
svm,0.15,0.84,0.7075054392414784,0.7271242075807844
svm,0.15,0.8425,0.7075054392414784,0.7271242075807844
svm,0.15,0.845,0.702830672992638,0.7271242075807844
svm,0.15,0.8475,0.7037220028279222,0.7271242075807844
svm,0.15,0.85,0.7037220028279222,0.7271242075807844
svm,0.15,0.8525,0.7037220028279222,0.7271242075807844
svm,0.15,0.855,0.7043940458386749,0.7271242075807844
svm,0.15,0.8575,0.7046777820774673,0.7271242075807844
svm,0.15,0.86,0.7069129602666686,0.7271242075807844
svm,0.15,0.8625,0.7091757457062995,0.7271242075807844
svm,0.15,0.865,0.7097909788796721,0.7271242075807844
svm,0.15,0.8675,0.7101097141381665,0.7271242075807844
svm,0.15,0.87,0.7073859764746697,0.7271242075807844
svm,0.15,0.8725,0.7092735725467303,0.7271242075807844
svm,0.15,0.875,0.7112712691680828,0.7271242075807844
svm,0.15,0.8775,0.7122782381967321,0.7271242075807844
svm,0.15,0.88,0.7140075257612819,0.7271242075807844
svm,0.15,0.8825,0.7146488597359492,0.7271242075807844
svm,0.15,0.885,0.7156668188157492,0.7271242075807844
svm,0.15,0.8875,0.7048741668040738,0.7271242075807844
svm,0.15,0.89,0.7053078462043741,0.7271242075807844
svm,0.15,0.8925,0.7063483320933449,0.7271242075807844
svm,0.15,0.895,0.7072542627340985,0.7271242075807844
svm,0.15,0.8975,0.7072542627340985,0.7271242075807844
svm,0.15,0.9,0.7014992240790944,0.7271242075807844
svm,0.15,0.9025,0.7001786221735071,0.7271242075807844
svm,0.15,0.905,0.7008010933842135,0.7271242075807844
svm,0.15,0.9075,0.6982240162434781,0.7271242075807844
svm,0.15,0.91,0.7011265608424703,0.7271242075807844
svm,0.15,0.9125,0.7011265608424703,0.7271242075807844
svm,0.15,0.915,0.7024882166158908,0.7271242075807844
svm,0.15,0.9175,0.7056597690684462,0.7271242075807844
svm,0.15,0.92,0.7056597690684462,0.7271242075807844
svm,0.15,0.9225,0.7071073369562547,0.7271242075807844
svm,0.15,0.925,0.7071073369562547,0.7271242075807844
svm,0.15,0.9275,0.7074990560153457,0.7271242075807844
svm,0.15,0.93,0.6980172701675007,0.7271242075807844
svm,0.15,0.9325,0.6993855863506319,0.7271242075807844
svm,0.15,0.935,0.6959080780806932,0.7271242075807844
svm,0.15,0.9375,0.6932970168167626,0.7271242075807844
svm,0.15,0.94,0.6947136167922118,0.7271242075807844
svm,0.15,0.9425,0.698639767509261,0.7271242075807844
svm,0.15,0.945,0.683709155818452,0.7271242075807844
svm,0.15,0.9475,0.6700753752242706,0.7271242075807844
svm,0.15,0.95,0.666308072568079,0.7271242075807844
svm,0.15,0.9525,0.666308072568079,0.7271242075807844
svm,0.15,0.955,0.6677349387689786,0.7271242075807844
svm,0.15,0.9575,0.670379250150809,0.7271242075807844
svm,0.15,0.96,0.6650115140354568,0.7271242075807844
svm,0.15,0.9625,0.6692518258940685,0.7271242075807844
svm,0.15,0.965,0.6636838379854616,0.7271242075807844
svm,0.15,0.9675,0.6636838379854616,0.7271242075807844
svm,0.15,0.97,0.6600061508869194,0.7271242075807844
svm,0.15,0.9725,0.6589121903745782,0.7271242075807844
svm,0.15,0.975,0.6550793908073917,0.7271242075807844
svm,0.15,0.9775,0.6529326344639927,0.7271242075807844
svm,0.15,0.98,0.6452470833001807,0.7271242075807844
svm,0.15,0.9825,0.6452470833001807,0.7271242075807844
svm,0.15,0.985,0.6462516161674586,0.7271242075807844
svm,0.15,0.9875,0.6462516161674586,0.7271242075807844
svm,0.15,0.99,0.6423458044540665,0.7271242075807844
svm,0.15,0.9925,0.6475584244815015,0.7271242075807844
svm,0.15,0.995,0.6367824587336782,0.7271242075807844
svm,0.15,0.9975,0.6211979911258302,0.7271242075807844
svm,0.15,1.0,0.6211979911258302,0.7271242075807844
svm,0.22,0.8,0.7057762986037392,0.7283018163872901
svm,0.22,0.8025,0.7064215431514228,0.7283018163872901
svm,0.22,0.805,0.7066544804912783,0.7283018163872901
svm,0.22,0.8075,0.7075297506218172,0.7283018163872901
svm,0.22,0.81,0.7080091944669569,0.7283018163872901
svm,0.22,0.8125,0.7082559670343082,0.7283018163872901
svm,0.22,0.815,0.7096457245216266,0.7283018163872901
svm,0.22,0.8175,0.70989738367447,0.7283018163872901
svm,0.22,0.82,0.7101540760103702,0.7283018163872901
svm,0.22,0.8225,0.7115185984275243,0.7283018163872901
svm,0.22,0.825,0.7070525939615199,0.7283018163872901
svm,0.22,0.8275,0.7070525939615199,0.7283018163872901
svm,0.22,0.83,0.7080084799255395,0.7283018163872901
svm,0.22,0.8325,0.7092597075821918,0.7283018163872901
svm,0.22,0.835,0.7092597075821918,0.7283018163872901
svm,0.22,0.8375,0.7014173438057799,0.7283018163872901
svm,0.22,0.84,0.7033543634783795,0.7283018163872901
svm,0.22,0.8425,0.7038911321310902,0.7283018163872901
svm,0.22,0.845,0.7057389366071993,0.7283018163872901
svm,0.22,0.8475,0.707250824536509,0.7283018163872901
svm,0.22,0.85,0.7079228675472617,0.7283018163872901
svm,0.22,0.8525,0.7044725893136896,0.7283018163872901
svm,0.22,0.855,0.7044725893136896,0.7283018163872901
svm,0.22,0.8575,0.704756325552482,0.7283018163872901
svm,0.22,0.86,0.7056476553877662,0.7283018163872901
svm,0.22,0.8625,0.7093910084642927,0.7283018163872901
svm,0.22,0.865,0.7103765246682288,0.7283018163872901
svm,0.22,0.8675,0.7106877602735819,0.7283018163872901
svm,0.22,0.87,0.7080977278448398,0.7283018163872901
svm,0.22,0.8725,0.7092930254986134,0.7283018163872901
svm,0.22,0.875,0.7102008611303755,0.7283018163872901
svm,0.22,0.8775,0.7124883595323847,0.7283018163872901
svm,0.22,0.88,0.7131131408589203,0.7283018163872901
svm,0.22,0.8825,0.7082929390406678,0.7283018163872901
svm,0.22,0.885,0.7038958478855858,0.7283018163872901
svm,0.22,0.8875,0.7007186809711101,0.7283018163872901
svm,0.22,0.89,0.7058087024994877,0.7283018163872901
svm,0.22,0.8925,0.7071253519135497,0.7283018163872901
svm,0.22,0.895,0.7007766752409441,0.7283018163872901
svm,0.22,0.8975,0.7007766752409441,0.7283018163872901
svm,0.22,0.9,0.7016939476535435,0.7283018163872901
svm,0.22,0.9025,0.7000833638015048,0.7283018163872901
svm,0.22,0.905,0.7000833638015048,0.7283018163872901
svm,0.22,0.9075,0.70629822952746,0.7283018163872901
svm,0.22,0.91,0.7066139757937604,0.7283018163872901
svm,0.22,0.9125,0.7009931405079295,0.7283018163872901
svm,0.22,0.915,0.7027155860961338,0.7283018163872901
svm,0.22,0.9175,0.7013074767616267,0.7283018163872901
svm,0.22,0.92,0.7013074767616267,0.7283018163872901
svm,0.22,0.9225,0.7016867602950321,0.7283018163872901
svm,0.22,0.925,0.702078479354123,0.7283018163872901
svm,0.22,0.9275,0.6998130442271305,0.7283018163872901
svm,0.22,0.93,0.6946527990156365,0.7283018163872901
svm,0.22,0.9325,0.6946527990156365,0.7283018163872901
svm,0.22,0.935,0.6914346820111307,0.7283018163872901
svm,0.22,0.9375,0.6914346820111307,0.7283018163872901
svm,0.22,0.94,0.6928512819865799,0.7283018163872901
svm,0.22,0.9425,0.695817354825876,0.7283018163872901
svm,0.22,0.945,0.6848490377757109,0.7283018163872901
svm,0.22,0.9475,0.6852097881364613,0.7283018163872901
svm,0.22,0.95,0.6686727452623406,0.7283018163872901
svm,0.22,0.9525,0.6686727452623406,0.7283018163872901
svm,0.22,0.955,0.6696169097658272,0.7283018163872901
svm,0.22,0.9575,0.6716397933789239,0.7283018163872901
svm,0.22,0.96,0.672805294544425,0.7283018163872901
svm,0.22,0.9625,0.6644301880067718,0.7283018163872901
svm,0.22,0.965,0.6647686572952455,0.7283018163872901
svm,0.22,0.9675,0.6647686572952455,0.7283018163872901
svm,0.22,0.97,0.6550060953924078,0.7283018163872901
svm,0.22,0.9725,0.6592271311657093,0.7283018163872901
svm,0.22,0.975,0.6554372365758655,0.7283018163872901
svm,0.22,0.9775,0.6532904802324665,0.7283018163872901
svm,0.22,0.98,0.6452470833001807,0.7283018163872901
svm,0.22,0.9825,0.6393098828996264,0.7283018163872901
svm,0.22,0.985,0.6403144157669044,0.7283018163872901
svm,0.22,0.9875,0.6403144157669044,0.7283018163872901
svm,0.22,0.99,0.6423458044540665,0.7283018163872901
svm,0.22,0.9925,0.6475584244815015,0.7283018163872901
svm,0.22,0.995,0.6367824587336782,0.7283018163872901
svm,0.22,0.9975,0.6138106391729581,0.7283018163872901
svm,0.22,1.0,0.6138106391729581,0.7283018163872901
