mode,fold,tau,n_pos,F1,F2,precision,recall,coverage
soft_median,1,0.8,53,0.574585635359116,0.7647058823529411,0.40625,0.9811320754716981,0.8366013071895425
soft_median,1,0.8025,53,0.574585635359116,0.7647058823529411,0.40625,0.9811320754716981,0.8366013071895425
soft_median,1,0.805,53,0.574585635359116,0.7647058823529411,0.40625,0.9811320754716981,0.8366013071895425
soft_median,1,0.8075,53,0.574585635359116,0.7647058823529411,0.40625,0.9811320754716981,0.8366013071895425
soft_median,1,0.81,53,0.574585635359116,0.7647058823529411,0.40625,0.9811320754716981,0.8366013071895425
soft_median,1,0.8125,53,0.574585635359116,0.7647058823529411,0.40625,0.9811320754716981,0.8366013071895425
soft_median,1,0.815,53,0.574585635359116,0.7647058823529411,0.40625,0.9811320754716981,0.8366013071895425
soft_median,1,0.8175,53,0.574585635359116,0.7647058823529411,0.40625,0.9811320754716981,0.8366013071895425
soft_median,1,0.82,53,0.5777777777777777,0.7669616519174042,0.4094488188976378,0.9811320754716981,0.8300653594771242
soft_median,1,0.8225,53,0.5777777777777777,0.7669616519174042,0.4094488188976378,0.9811320754716981,0.8300653594771242
soft_median,1,0.825,53,0.5777777777777777,0.7669616519174042,0.4094488188976378,0.9811320754716981,0.8300653594771242
soft_median,1,0.8275,53,0.5777777777777777,0.7669616519174042,0.4094488188976378,0.9811320754716981,0.8300653594771242
soft_median,1,0.83,53,0.5777777777777777,0.7669616519174042,0.4094488188976378,0.9811320754716981,0.8300653594771242
soft_median,1,0.8325,53,0.5777777777777777,0.7669616519174042,0.4094488188976378,0.9811320754716981,0.8300653594771242
soft_median,1,0.835,53,0.5777777777777777,0.7669616519174042,0.4094488188976378,0.9811320754716981,0.8300653594771242
soft_median,1,0.8375,53,0.5777777777777777,0.7669616519174042,0.4094488188976378,0.9811320754716981,0.8300653594771242
soft_median,1,0.84,53,0.5777777777777777,0.7669616519174042,0.4094488188976378,0.9811320754716981,0.8300653594771242
soft_median,1,0.8425,53,0.5777777777777777,0.7669616519174042,0.4094488188976378,0.9811320754716981,0.8300653594771242
soft_median,1,0.845,53,0.5777777777777777,0.7669616519174042,0.4094488188976378,0.9811320754716981,0.8300653594771242
soft_median,1,0.8475,53,0.5810055865921788,0.7692307692307693,0.4126984126984127,0.9811320754716981,0.8235294117647058
soft_median,1,0.85,53,0.5810055865921788,0.7692307692307693,0.4126984126984127,0.9811320754716981,0.8235294117647058
soft_median,1,0.8525,53,0.5842696629213483,0.771513353115727,0.416,0.9811320754716981,0.8169934640522876
soft_median,1,0.855,53,0.5842696629213483,0.771513353115727,0.416,0.9811320754716981,0.8169934640522876
soft_median,1,0.8575,53,0.5875706214689266,0.7738095238095238,0.41935483870967744,0.9811320754716981,0.8104575163398693
soft_median,1,0.86,53,0.5795454545454546,0.7611940298507462,0.4146341463414634,0.9622641509433962,0.803921568627451
soft_median,1,0.8625,53,0.5795454545454546,0.7611940298507462,0.4146341463414634,0.9622641509433962,0.803921568627451
soft_median,1,0.865,53,0.5795454545454546,0.7611940298507462,0.4146341463414634,0.9622641509433962,0.803921568627451
soft_median,1,0.8675,53,0.5828571428571429,0.7634730538922155,0.4180327868852459,0.9622641509433962,0.7973856209150327
soft_median,1,0.87,53,0.5828571428571429,0.7634730538922155,0.4180327868852459,0.9622641509433962,0.7973856209150327
soft_median,1,0.8725,53,0.5828571428571429,0.7634730538922155,0.4180327868852459,0.9622641509433962,0.7973856209150327
soft_median,1,0.875,53,0.5828571428571429,0.7634730538922155,0.4180327868852459,0.9622641509433962,0.7973856209150327
soft_median,1,0.8775,53,0.5780346820809249,0.7530120481927711,0.4166666666666667,0.9433962264150944,0.7843137254901961
soft_median,1,0.88,53,0.5780346820809249,0.7530120481927711,0.4166666666666667,0.9433962264150944,0.7843137254901961
soft_median,1,0.8825,53,0.5780346820809249,0.7530120481927711,0.4166666666666667,0.9433962264150944,0.7843137254901961
soft_median,1,0.885,53,0.5780346820809249,0.7530120481927711,0.4166666666666667,0.9433962264150944,0.7843137254901961
soft_median,1,0.8875,53,0.5780346820809249,0.7530120481927711,0.4166666666666667,0.9433962264150944,0.7843137254901961
soft_median,1,0.89,53,0.5730994152046783,0.7424242424242424,0.4152542372881356,0.9245283018867925,0.7712418300653595
soft_median,1,0.8925,53,0.5764705882352941,0.7446808510638298,0.4188034188034188,0.9245283018867925,0.7647058823529411
soft_median,1,0.895,53,0.5764705882352941,0.7446808510638298,0.4188034188034188,0.9245283018867925,0.7647058823529411
soft_median,1,0.8975,53,0.5764705882352941,0.7446808510638298,0.4188034188034188,0.9245283018867925,0.7647058823529411
soft_median,1,0.9,53,0.5764705882352941,0.7446808510638298,0.4188034188034188,0.9245283018867925,0.7647058823529411
soft_median,1,0.9025,53,0.5764705882352941,0.7446808510638298,0.4188034188034188,0.9245283018867925,0.7647058823529411
soft_median,1,0.905,53,0.5798816568047337,0.7469512195121951,0.4224137931034483,0.9245283018867925,0.7581699346405228
soft_median,1,0.9075,53,0.5798816568047337,0.7469512195121951,0.4224137931034483,0.9245283018867925,0.7581699346405228
soft_median,1,0.91,53,0.5833333333333334,0.7492354740061162,0.4260869565217391,0.9245283018867925,0.7516339869281046
soft_median,1,0.9125,53,0.5833333333333334,0.7492354740061162,0.4260869565217391,0.9245283018867925,0.7516339869281046
soft_median,1,0.915,53,0.5833333333333334,0.7492354740061162,0.4260869565217391,0.9245283018867925,0.7516339869281046
soft_median,1,0.9175,53,0.5868263473053892,0.7515337423312883,0.4298245614035088,0.9245283018867925,0.7450980392156863
soft_median,1,0.92,53,0.5868263473053892,0.7515337423312883,0.4298245614035088,0.9245283018867925,0.7450980392156863
soft_median,1,0.9225,53,0.5903614457831325,0.7538461538461538,0.4336283185840708,0.9245283018867925,0.738562091503268
soft_median,1,0.925,53,0.5903614457831325,0.7538461538461538,0.4336283185840708,0.9245283018867925,0.738562091503268
soft_median,1,0.9275,53,0.593939393939394,0.7561728395061729,0.4375,0.9245283018867925,0.7320261437908496
soft_median,1,0.93,53,0.588957055214724,0.7453416149068323,0.43636363636363634,0.9056603773584906,0.7189542483660131
soft_median,1,0.9325,53,0.5925925925925926,0.7476635514018691,0.44036697247706424,0.9056603773584906,0.7124183006535948
soft_median,1,0.935,53,0.5925925925925926,0.7476635514018691,0.44036697247706424,0.9056603773584906,0.7124183006535948
soft_median,1,0.9375,53,0.5925925925925926,0.7476635514018691,0.44036697247706424,0.9056603773584906,0.7124183006535948
soft_median,1,0.94,53,0.5962732919254659,0.75,0.4444444444444444,0.9056603773584906,0.7058823529411765
soft_median,1,0.9425,53,0.5962732919254659,0.75,0.4444444444444444,0.9056603773584906,0.7058823529411765
soft_median,1,0.945,53,0.5911949685534591,0.7389937106918238,0.44339622641509435,0.8867924528301887,0.6928104575163399
soft_median,1,0.9475,53,0.5949367088607594,0.7413249211356467,0.44761904761904764,0.8867924528301887,0.6862745098039216
soft_median,1,0.95,53,0.5987261146496815,0.7436708860759493,0.4519230769230769,0.8867924528301887,0.6797385620915033
soft_median,1,0.9525,53,0.6064516129032258,0.7484076433121019,0.46078431372549017,0.8867924528301887,0.6666666666666666
soft_median,1,0.955,53,0.6143790849673203,0.7532051282051282,0.47,0.8867924528301887,0.6535947712418301
soft_median,1,0.9575,53,0.609271523178808,0.7419354838709677,0.46938775510204084,0.8679245283018868,0.6405228758169934
soft_median,1,0.96,53,0.609271523178808,0.7419354838709677,0.46938775510204084,0.8679245283018868,0.6405228758169934
soft_median,1,0.9625,53,0.6174496644295302,0.7467532467532467,0.4791666666666667,0.8679245283018868,0.6274509803921569
soft_median,1,0.965,53,0.6122448979591837,0.7352941176470589,0.4787234042553192,0.8490566037735849,0.6143790849673203
soft_median,1,0.9675,53,0.6428571428571429,0.7525083612040134,0.5172413793103449,0.8490566037735849,0.5686274509803921
soft_median,1,0.97,53,0.6474820143884892,0.7550335570469798,0.5232558139534884,0.8490566037735849,0.5620915032679739
soft_median,1,0.9725,53,0.6518518518518519,0.7482993197278912,0.5365853658536586,0.8301886792452831,0.5359477124183006
soft_median,1,0.975,53,0.6515151515151515,0.738831615120275,0.5443037974683544,0.8113207547169812,0.5163398692810458
soft_median,1,0.9775,53,0.6564885496183206,0.7413793103448276,0.5512820512820513,0.8113207547169812,0.5098039215686274
soft_median,1,0.98,53,0.6511627906976745,0.7291666666666666,0.5526315789473685,0.7924528301886793,0.49673202614379086
soft_median,1,0.9825,53,0.6451612903225806,0.7067137809187279,0.5633802816901409,0.7547169811320755,0.46405228758169936
soft_median,1,0.985,53,0.6554621848739496,0.7014388489208633,0.5909090909090909,0.7358490566037735,0.43137254901960786
soft_median,1,0.9875,53,0.6551724137931034,0.6909090909090909,0.6031746031746031,0.7169811320754716,0.4117647058823529
soft_median,1,0.99,53,0.6666666666666666,0.6959706959706959,0.6229508196721312,0.7169811320754716,0.39869281045751637
soft_median,1,0.9925,53,0.672566371681416,0.6985294117647058,0.6333333333333333,0.7169811320754716,0.39215686274509803
soft_median,1,0.995,53,0.6846846846846847,0.7037037037037037,0.6551724137931034,0.7169811320754716,0.3790849673202614
soft_median,1,0.9975,53,0.7169811320754716,0.7169811320754716,0.7169811320754716,0.7169811320754716,0.3464052287581699
soft_median,1,1.0,53,0.7307692307692307,0.7224334600760456,0.7450980392156863,0.7169811320754716,0.3333333333333333
soft_median,2,0.8,64,0.6138613861386139,0.7868020304568528,0.4492753623188406,0.96875,0.9078947368421053
soft_median,2,0.8025,64,0.6138613861386139,0.7868020304568528,0.4492753623188406,0.96875,0.9078947368421053
soft_median,2,0.805,64,0.6138613861386139,0.7868020304568528,0.4492753623188406,0.96875,0.9078947368421053
soft_median,2,0.8075,64,0.6138613861386139,0.7868020304568528,0.4492753623188406,0.96875,0.9078947368421053
soft_median,2,0.81,64,0.6138613861386139,0.7868020304568528,0.4492753623188406,0.96875,0.9078947368421053
soft_median,2,0.8125,64,0.6169154228855721,0.7888040712468194,0.45255474452554745,0.96875,0.9013157894736842
soft_median,2,0.815,64,0.62,0.7908163265306123,0.45588235294117646,0.96875,0.8947368421052632
soft_median,2,0.8175,64,0.62,0.7908163265306123,0.45588235294117646,0.96875,0.8947368421052632
soft_median,2,0.82,64,0.62,0.7908163265306123,0.45588235294117646,0.96875,0.8947368421052632
soft_median,2,0.8225,64,0.62,0.7908163265306123,0.45588235294117646,0.96875,0.8947368421052632
soft_median,2,0.825,64,0.62,0.7908163265306123,0.45588235294117646,0.96875,0.8947368421052632
soft_median,2,0.8275,64,0.6231155778894473,0.7928388746803069,0.45925925925925926,0.96875,0.8881578947368421
soft_median,2,0.83,64,0.6231155778894473,0.7928388746803069,0.45925925925925926,0.96875,0.8881578947368421
soft_median,2,0.8325,64,0.6294416243654822,0.7969151670951157,0.46616541353383456,0.96875,0.875
soft_median,2,0.835,64,0.6294416243654822,0.7969151670951157,0.46616541353383456,0.96875,0.875
soft_median,2,0.8375,64,0.6391752577319587,0.8031088082901554,0.47692307692307695,0.96875,0.8552631578947368
soft_median,2,0.84,64,0.6391752577319587,0.8031088082901554,0.47692307692307695,0.96875,0.8552631578947368
soft_median,2,0.8425,64,0.6321243523316062,0.7922077922077922,0.4728682170542636,0.953125,0.8486842105263158
soft_median,2,0.845,64,0.6354166666666666,0.7942708333333334,0.4765625,0.953125,0.8421052631578947
soft_median,2,0.8475,64,0.6354166666666666,0.7942708333333334,0.4765625,0.953125,0.8421052631578947
soft_median,2,0.85,64,0.6387434554973822,0.7963446475195822,0.48031496062992124,0.953125,0.8355263157894737
soft_median,2,0.8525,64,0.6387434554973822,0.7963446475195822,0.48031496062992124,0.953125,0.8355263157894737
soft_median,2,0.855,64,0.6387434554973822,0.7963446475195822,0.48031496062992124,0.953125,0.8355263157894737
soft_median,2,0.8575,64,0.6387434554973822,0.7963446475195822,0.48031496062992124,0.953125,0.8355263157894737
soft_median,2,0.86,64,0.6387434554973822,0.7963446475195822,0.48031496062992124,0.953125,0.8355263157894737
soft_median,2,0.8625,64,0.631578947368421,0.7853403141361257,0.47619047619047616,0.9375,0.8289473684210527
soft_median,2,0.865,64,0.6243386243386243,0.7742782152230971,0.472,0.921875,0.8223684210526315
soft_median,2,0.8675,64,0.6310160427807486,0.7783641160949868,0.4796747967479675,0.921875,0.8092105263157895
soft_median,2,0.87,64,0.6310160427807486,0.7783641160949868,0.4796747967479675,0.921875,0.8092105263157895
soft_median,2,0.8725,64,0.6310160427807486,0.7783641160949868,0.4796747967479675,0.921875,0.8092105263157895
soft_median,2,0.875,64,0.6310160427807486,0.7783641160949868,0.4796747967479675,0.921875,0.8092105263157895
soft_median,2,0.8775,64,0.6344086021505376,0.7804232804232805,0.48360655737704916,0.921875,0.8026315789473685
soft_median,2,0.88,64,0.6270270270270271,0.7692307692307693,0.4793388429752066,0.90625,0.7960526315789473
soft_median,2,0.8825,64,0.6304347826086957,0.7712765957446809,0.48333333333333334,0.90625,0.7894736842105263
soft_median,2,0.885,64,0.6338797814207651,0.7733333333333333,0.48739495798319327,0.90625,0.7828947368421053
soft_median,2,0.8875,64,0.6338797814207651,0.7733333333333333,0.48739495798319327,0.90625,0.7828947368421053
soft_median,2,0.89,64,0.6338797814207651,0.7733333333333333,0.48739495798319327,0.90625,0.7828947368421053
soft_median,2,0.8925,64,0.6373626373626373,0.7754010695187166,0.4915254237288136,0.90625,0.7763157894736842
soft_median,2,0.895,64,0.6373626373626373,0.7754010695187166,0.4915254237288136,0.90625,0.7763157894736842
soft_median,2,0.8975,64,0.6408839779005525,0.7774798927613941,0.49572649572649574,0.90625,0.7697368421052632
soft_median,2,0.9,64,0.6444444444444445,0.7795698924731183,0.5,0.90625,0.7631578947368421
soft_median,2,0.9025,64,0.6444444444444445,0.7795698924731183,0.5,0.90625,0.7631578947368421
soft_median,2,0.905,64,0.6480446927374302,0.7816711590296496,0.5043478260869565,0.90625,0.756578947368421
soft_median,2,0.9075,64,0.651685393258427,0.7837837837837838,0.5087719298245614,0.90625,0.75
soft_median,2,0.91,64,0.6628571428571428,0.7901907356948229,0.5225225225225225,0.90625,0.7302631578947368
soft_median,2,0.9125,64,0.6666666666666666,0.7923497267759563,0.5272727272727272,0.90625,0.7236842105263158
soft_median,2,0.915,64,0.6705202312138728,0.7945205479452054,0.5321100917431193,0.90625,0.7171052631578947
soft_median,2,0.9175,64,0.6705202312138728,0.7945205479452054,0.5321100917431193,0.90625,0.7171052631578947
soft_median,2,0.92,64,0.6783625730994152,0.7988980716253443,0.5420560747663551,0.90625,0.7039473684210527
soft_median,2,0.9225,64,0.6863905325443787,0.8033240997229917,0.5523809523809524,0.90625,0.6907894736842105
soft_median,2,0.925,64,0.6904761904761905,0.8055555555555556,0.5576923076923077,0.90625,0.6842105263157895
soft_median,2,0.9275,64,0.6987951807228916,0.8100558659217877,0.5686274509803921,0.90625,0.6710526315789473
soft_median,2,0.93,64,0.703030303030303,0.8123249299719888,0.5742574257425742,0.90625,0.6644736842105263
soft_median,2,0.9325,64,0.7073170731707317,0.8146067415730337,0.58,0.90625,0.6578947368421053
soft_median,2,0.935,64,0.6993865030674846,0.8028169014084507,0.5757575757575758,0.890625,0.6513157894736842
soft_median,2,0.9375,64,0.7037037037037037,0.8050847457627118,0.5816326530612245,0.890625,0.6447368421052632
soft_median,2,0.94,64,0.7037037037037037,0.8050847457627118,0.5816326530612245,0.890625,0.6447368421052632
soft_median,2,0.9425,64,0.7037037037037037,0.8050847457627118,0.5816326530612245,0.890625,0.6447368421052632
soft_median,2,0.945,64,0.7080745341614907,0.8073654390934845,0.5876288659793815,0.890625,0.6381578947368421
soft_median,2,0.9475,64,0.7,0.7954545454545454,0.5833333333333334,0.875,0.631578947368421
soft_median,2,0.95,64,0.7,0.7954545454545454,0.5833333333333334,0.875,0.631578947368421
soft_median,2,0.9525,64,0.7,0.7954545454545454,0.5833333333333334,0.875,0.631578947368421
soft_median,2,0.955,64,0.7,0.7954545454545454,0.5833333333333334,0.875,0.631578947368421
soft_median,2,0.9575,64,0.7088607594936709,0.8,0.5957446808510638,0.875,0.618421052631579
soft_median,2,0.96,64,0.7133757961783439,0.8022922636103151,0.6021505376344086,0.875,0.6118421052631579
soft_median,2,0.9625,64,0.7133757961783439,0.8022922636103151,0.6021505376344086,0.875,0.6118421052631579
soft_median,2,0.965,64,0.7133757961783439,0.8022922636103151,0.6021505376344086,0.875,0.6118421052631579
soft_median,2,0.9675,64,0.7133757961783439,0.8022922636103151,0.6021505376344086,0.875,0.6118421052631579
soft_median,2,0.97,64,0.7096774193548387,0.792507204610951,0.6043956043956044,0.859375,0.5986842105263158
soft_median,2,0.9725,64,0.7189542483660131,0.7971014492753623,0.6179775280898876,0.859375,0.5855263157894737
soft_median,2,0.975,64,0.7105263157894737,0.7848837209302325,0.6136363636363636,0.84375,0.5789473684210527
soft_median,2,0.9775,64,0.7152317880794702,0.7871720116618076,0.6206896551724138,0.84375,0.5723684210526315
soft_median,2,0.98,64,0.7152317880794702,0.7871720116618076,0.6206896551724138,0.84375,0.5723684210526315
soft_median,2,0.9825,64,0.7114093959731543,0.7771260997067448,0.6235294117647059,0.828125,0.5592105263157895
soft_median,2,0.985,64,0.7114093959731543,0.7771260997067448,0.6235294117647059,0.828125,0.5592105263157895
soft_median,2,0.9875,64,0.7027027027027027,0.7647058823529411,0.6190476190476191,0.8125,0.5526315789473685
soft_median,2,0.99,64,0.7074829931972789,0.7669616519174042,0.6265060240963856,0.8125,0.5460526315789473
soft_median,2,0.9925,64,0.7074829931972789,0.7669616519174042,0.6265060240963856,0.8125,0.5460526315789473
soft_median,2,0.995,64,0.6986301369863014,0.7544378698224852,0.6219512195121951,0.796875,0.5394736842105263
soft_median,2,0.9975,64,0.7058823529411765,0.7317073170731707,0.6666666666666666,0.75,0.47368421052631576
soft_median,2,1.0,64,0.7111111111111111,0.7339449541284404,0.676056338028169,0.75,0.46710526315789475
soft_median,3,0.8,2,0.0,0.0,0.0,0.0,0.18811881188118812
soft_median,3,0.8025,2,0.0,0.0,0.0,0.0,0.18811881188118812
soft_median,3,0.805,2,0.0,0.0,0.0,0.0,0.18811881188118812
soft_median,3,0.8075,2,0.0,0.0,0.0,0.0,0.18811881188118812
soft_median,3,0.81,2,0.0,0.0,0.0,0.0,0.18811881188118812
soft_median,3,0.8125,2,0.0,0.0,0.0,0.0,0.18811881188118812
soft_median,3,0.815,2,0.0,0.0,0.0,0.0,0.18811881188118812
soft_median,3,0.8175,2,0.0,0.0,0.0,0.0,0.18811881188118812
soft_median,3,0.82,2,0.0,0.0,0.0,0.0,0.18811881188118812
soft_median,3,0.8225,2,0.0,0.0,0.0,0.0,0.18811881188118812
soft_median,3,0.825,2,0.0,0.0,0.0,0.0,0.1782178217821782
soft_median,3,0.8275,2,0.0,0.0,0.0,0.0,0.1782178217821782
soft_median,3,0.83,2,0.0,0.0,0.0,0.0,0.1782178217821782
soft_median,3,0.8325,2,0.0,0.0,0.0,0.0,0.1782178217821782
soft_median,3,0.835,2,0.0,0.0,0.0,0.0,0.1782178217821782
soft_median,3,0.8375,2,0.0,0.0,0.0,0.0,0.1782178217821782
soft_median,3,0.84,2,0.0,0.0,0.0,0.0,0.1782178217821782
soft_median,3,0.8425,2,0.0,0.0,0.0,0.0,0.1782178217821782
soft_median,3,0.845,2,0.0,0.0,0.0,0.0,0.1782178217821782
soft_median,3,0.8475,2,0.0,0.0,0.0,0.0,0.1782178217821782
soft_median,3,0.85,2,0.0,0.0,0.0,0.0,0.1782178217821782
soft_median,3,0.8525,2,0.0,0.0,0.0,0.0,0.1782178217821782
soft_median,3,0.855,2,0.0,0.0,0.0,0.0,0.1782178217821782
soft_median,3,0.8575,2,0.0,0.0,0.0,0.0,0.16831683168316833
soft_median,3,0.86,2,0.0,0.0,0.0,0.0,0.15841584158415842
soft_median,3,0.8625,2,0.0,0.0,0.0,0.0,0.15841584158415842
soft_median,3,0.865,2,0.0,0.0,0.0,0.0,0.15841584158415842
soft_median,3,0.8675,2,0.0,0.0,0.0,0.0,0.1485148514851485
soft_median,3,0.87,2,0.0,0.0,0.0,0.0,0.1485148514851485
soft_median,3,0.8725,2,0.0,0.0,0.0,0.0,0.1485148514851485
soft_median,3,0.875,2,0.0,0.0,0.0,0.0,0.1485148514851485
soft_median,3,0.8775,2,0.0,0.0,0.0,0.0,0.13861386138613863
soft_median,3,0.88,2,0.0,0.0,0.0,0.0,0.12871287128712872
soft_median,3,0.8825,2,0.0,0.0,0.0,0.0,0.12871287128712872
soft_median,3,0.885,2,0.0,0.0,0.0,0.0,0.12871287128712872
soft_median,3,0.8875,2,0.0,0.0,0.0,0.0,0.12871287128712872
soft_median,3,0.89,2,0.0,0.0,0.0,0.0,0.09900990099009901
soft_median,3,0.8925,2,0.0,0.0,0.0,0.0,0.09900990099009901
soft_median,3,0.895,2,0.0,0.0,0.0,0.0,0.09900990099009901
soft_median,3,0.8975,2,0.0,0.0,0.0,0.0,0.09900990099009901
soft_median,3,0.9,2,0.0,0.0,0.0,0.0,0.09900990099009901
soft_median,3,0.9025,2,0.0,0.0,0.0,0.0,0.0891089108910891
soft_median,3,0.905,2,0.0,0.0,0.0,0.0,0.0891089108910891
soft_median,3,0.9075,2,0.0,0.0,0.0,0.0,0.0891089108910891
soft_median,3,0.91,2,0.0,0.0,0.0,0.0,0.0891089108910891
soft_median,3,0.9125,2,0.0,0.0,0.0,0.0,0.0891089108910891
soft_median,3,0.915,2,0.0,0.0,0.0,0.0,0.0891089108910891
soft_median,3,0.9175,2,0.0,0.0,0.0,0.0,0.0891089108910891
soft_median,3,0.92,2,0.0,0.0,0.0,0.0,0.0891089108910891
soft_median,3,0.9225,2,0.0,0.0,0.0,0.0,0.0891089108910891
soft_median,3,0.925,2,0.0,0.0,0.0,0.0,0.0891089108910891
soft_median,3,0.9275,2,0.0,0.0,0.0,0.0,0.06930693069306931
soft_median,3,0.93,2,0.0,0.0,0.0,0.0,0.06930693069306931
soft_median,3,0.9325,2,0.0,0.0,0.0,0.0,0.06930693069306931
soft_median,3,0.935,2,0.0,0.0,0.0,0.0,0.06930693069306931
soft_median,3,0.9375,2,0.0,0.0,0.0,0.0,0.0594059405940594
soft_median,3,0.94,2,0.0,0.0,0.0,0.0,0.0594059405940594
soft_median,3,0.9425,2,0.0,0.0,0.0,0.0,0.0594059405940594
soft_median,3,0.945,2,0.0,0.0,0.0,0.0,0.0594059405940594
soft_median,3,0.9475,2,0.0,0.0,0.0,0.0,0.0594059405940594
soft_median,3,0.95,2,0.0,0.0,0.0,0.0,0.0594059405940594
soft_median,3,0.9525,2,0.0,0.0,0.0,0.0,0.0594059405940594
soft_median,3,0.955,2,0.0,0.0,0.0,0.0,0.0594059405940594
soft_median,3,0.9575,2,0.0,0.0,0.0,0.0,0.0594059405940594
soft_median,3,0.96,2,0.0,0.0,0.0,0.0,0.04950495049504951
soft_median,3,0.9625,2,0.0,0.0,0.0,0.0,0.04950495049504951
soft_median,3,0.965,2,0.0,0.0,0.0,0.0,0.04950495049504951
soft_median,3,0.9675,2,0.0,0.0,0.0,0.0,0.039603960396039604
soft_median,3,0.97,2,0.0,0.0,0.0,0.0,0.039603960396039604
soft_median,3,0.9725,2,0.0,0.0,0.0,0.0,0.039603960396039604
soft_median,3,0.975,2,0.0,0.0,0.0,0.0,0.039603960396039604
soft_median,3,0.9775,2,0.0,0.0,0.0,0.0,0.039603960396039604
soft_median,3,0.98,2,0.0,0.0,0.0,0.0,0.0297029702970297
soft_median,3,0.9825,2,0.0,0.0,0.0,0.0,0.0297029702970297
soft_median,3,0.985,2,0.0,0.0,0.0,0.0,0.019801980198019802
soft_median,3,0.9875,2,0.0,0.0,0.0,0.0,0.019801980198019802
soft_median,3,0.99,2,0.0,0.0,0.0,0.0,0.019801980198019802
soft_median,3,0.9925,2,0.0,0.0,0.0,0.0,0.019801980198019802
soft_median,3,0.995,2,0.0,0.0,0.0,0.0,0.019801980198019802
soft_median,3,0.9975,2,0.0,0.0,0.0,0.0,0.009900990099009901
soft_median,3,1.0,2,0.0,0.0,0.0,0.0,0.009900990099009901
soft_median,4,0.8,10,0.16091954022988506,0.29914529914529914,0.09090909090909091,0.7,0.77
soft_median,4,0.8025,10,0.16666666666666666,0.30701754385964913,0.0945945945945946,0.7,0.74
soft_median,4,0.805,10,0.16666666666666666,0.30701754385964913,0.0945945945945946,0.7,0.74
soft_median,4,0.8075,10,0.16666666666666666,0.30701754385964913,0.0945945945945946,0.7,0.74
soft_median,4,0.81,10,0.1686746987951807,0.30973451327433627,0.0958904109589041,0.7,0.73
soft_median,4,0.8125,10,0.1686746987951807,0.30973451327433627,0.0958904109589041,0.7,0.73
soft_median,4,0.815,10,0.1686746987951807,0.30973451327433627,0.0958904109589041,0.7,0.73
soft_median,4,0.8175,10,0.1686746987951807,0.30973451327433627,0.0958904109589041,0.7,0.73
soft_median,4,0.82,10,0.17073170731707318,0.3125,0.09722222222222222,0.7,0.72
soft_median,4,0.8225,10,0.1728395061728395,0.3153153153153153,0.09859154929577464,0.7,0.71
soft_median,4,0.825,10,0.175,0.3181818181818182,0.1,0.7,0.7
soft_median,4,0.8275,10,0.175,0.3181818181818182,0.1,0.7,0.7
soft_median,4,0.83,10,0.1794871794871795,0.32407407407407407,0.10294117647058823,0.7,0.68
soft_median,4,0.8325,10,0.1794871794871795,0.32407407407407407,0.10294117647058823,0.7,0.68
soft_median,4,0.835,10,0.1794871794871795,0.32407407407407407,0.10294117647058823,0.7,0.68
soft_median,4,0.8375,10,0.18421052631578946,0.330188679245283,0.10606060606060606,0.7,0.66
soft_median,4,0.84,10,0.18421052631578946,0.330188679245283,0.10606060606060606,0.7,0.66
soft_median,4,0.8425,10,0.18666666666666668,0.3333333333333333,0.1076923076923077,0.7,0.65
soft_median,4,0.845,10,0.18666666666666668,0.3333333333333333,0.1076923076923077,0.7,0.65
soft_median,4,0.8475,10,0.19444444444444445,0.3431372549019608,0.11290322580645161,0.7,0.62
soft_median,4,0.85,10,0.2028985507246377,0.35353535353535354,0.11864406779661017,0.7,0.59
soft_median,4,0.8525,10,0.208955223880597,0.36082474226804123,0.12280701754385964,0.7,0.57
soft_median,4,0.855,10,0.21212121212121213,0.3645833333333333,0.125,0.7,0.56
soft_median,4,0.8575,10,0.2153846153846154,0.3684210526315789,0.12727272727272726,0.7,0.55
soft_median,4,0.86,10,0.21875,0.3723404255319149,0.12962962962962962,0.7,0.54
soft_median,4,0.8625,10,0.2222222222222222,0.3763440860215054,0.1320754716981132,0.7,0.53
soft_median,4,0.865,10,0.2222222222222222,0.3763440860215054,0.1320754716981132,0.7,0.53
soft_median,4,0.8675,10,0.22950819672131148,0.38461538461538464,0.13725490196078433,0.7,0.51
soft_median,4,0.87,10,0.22950819672131148,0.38461538461538464,0.13725490196078433,0.7,0.51
soft_median,4,0.8725,10,0.23333333333333334,0.3888888888888889,0.14,0.7,0.5
soft_median,4,0.875,10,0.23333333333333334,0.3888888888888889,0.14,0.7,0.5
soft_median,4,0.8775,10,0.23728813559322035,0.39325842696629215,0.14285714285714285,0.7,0.49
soft_median,4,0.88,10,0.20689655172413793,0.3409090909090909,0.125,0.6,0.48
soft_median,4,0.8825,10,0.2222222222222222,0.35714285714285715,0.13636363636363635,0.6,0.44
soft_median,4,0.885,10,0.22641509433962265,0.3614457831325301,0.13953488372093023,0.6,0.43
soft_median,4,0.8875,10,0.23076923076923078,0.36585365853658536,0.14285714285714285,0.6,0.42
soft_median,4,0.89,10,0.19607843137254902,0.30864197530864196,0.12195121951219512,0.5,0.41
soft_median,4,0.8925,10,0.19607843137254902,0.30864197530864196,0.12195121951219512,0.5,0.41
soft_median,4,0.895,10,0.19607843137254902,0.30864197530864196,0.12195121951219512,0.5,0.41
soft_median,4,0.8975,10,0.20408163265306123,0.31645569620253167,0.1282051282051282,0.5,0.39
soft_median,4,0.9,10,0.20833333333333334,0.32051282051282054,0.13157894736842105,0.5,0.38
soft_median,4,0.9025,10,0.2222222222222222,0.3333333333333333,0.14285714285714285,0.5,0.35
soft_median,4,0.905,10,0.22727272727272727,0.33783783783783783,0.14705882352941177,0.5,0.34
soft_median,4,0.9075,10,0.22727272727272727,0.33783783783783783,0.14705882352941177,0.5,0.34
soft_median,4,0.91,10,0.22727272727272727,0.33783783783783783,0.14705882352941177,0.5,0.34
soft_median,4,0.9125,10,0.23809523809523808,0.3472222222222222,0.15625,0.5,0.32
soft_median,4,0.915,10,0.20512820512820512,0.2898550724637681,0.13793103448275862,0.4,0.29
soft_median,4,0.9175,10,0.21052631578947367,0.29411764705882354,0.14285714285714285,0.4,0.28
soft_median,4,0.92,10,0.21621621621621623,0.29850746268656714,0.14814814814814814,0.4,0.27
soft_median,4,0.9225,10,0.21621621621621623,0.29850746268656714,0.14814814814814814,0.4,0.27
soft_median,4,0.925,10,0.21621621621621623,0.29850746268656714,0.14814814814814814,0.4,0.27
soft_median,4,0.9275,10,0.21621621621621623,0.29850746268656714,0.14814814814814814,0.4,0.27
soft_median,4,0.93,10,0.21621621621621623,0.29850746268656714,0.14814814814814814,0.4,0.27
soft_median,4,0.9325,10,0.21621621621621623,0.29850746268656714,0.14814814814814814,0.4,0.27
soft_median,4,0.935,10,0.22857142857142856,0.3076923076923077,0.16,0.4,0.25
soft_median,4,0.9375,10,0.22857142857142856,0.3076923076923077,0.16,0.4,0.25
soft_median,4,0.94,10,0.23529411764705882,0.3125,0.16666666666666666,0.4,0.24
soft_median,4,0.9425,10,0.23529411764705882,0.3125,0.16666666666666666,0.4,0.24
soft_median,4,0.945,10,0.24242424242424243,0.31746031746031744,0.17391304347826086,0.4,0.23
soft_median,4,0.9475,10,0.25806451612903225,0.32786885245901637,0.19047619047619047,0.4,0.21
soft_median,4,0.95,10,0.26666666666666666,0.3333333333333333,0.2,0.4,0.2
soft_median,4,0.9525,10,0.2222222222222222,0.2631578947368421,0.17647058823529413,0.3,0.17
soft_median,4,0.955,10,0.23076923076923078,0.26785714285714285,0.1875,0.3,0.16
soft_median,4,0.9575,10,0.23076923076923078,0.26785714285714285,0.1875,0.3,0.16
soft_median,4,0.96,10,0.23076923076923078,0.26785714285714285,0.1875,0.3,0.16
soft_median,4,0.9625,10,0.24,0.2727272727272727,0.2,0.3,0.15
soft_median,4,0.965,10,0.25,0.2777777777777778,0.21428571428571427,0.3,0.14
soft_median,4,0.9675,10,0.2608695652173913,0.2830188679245283,0.23076923076923078,0.3,0.13
soft_median,4,0.97,10,0.2608695652173913,0.2830188679245283,0.23076923076923078,0.3,0.13
soft_median,4,0.9725,10,0.2727272727272727,0.28846153846153844,0.25,0.3,0.12
soft_median,4,0.975,10,0.2,0.2,0.2,0.2,0.1
soft_median,4,0.9775,10,0.21052631578947367,0.20408163265306123,0.2222222222222222,0.2,0.09
soft_median,4,0.98,10,0.2222222222222222,0.20833333333333334,0.25,0.2,0.08
soft_median,4,0.9825,10,0.23529411764705882,0.2127659574468085,0.2857142857142857,0.2,0.07
soft_median,4,0.985,10,0.25,0.21739130434782608,0.3333333333333333,0.2,0.06
soft_median,4,0.9875,10,0.13333333333333333,0.1111111111111111,0.2,0.1,0.05
soft_median,4,0.99,10,0.14285714285714285,0.11363636363636363,0.25,0.1,0.04
soft_median,4,0.9925,10,0.14285714285714285,0.11363636363636363,0.25,0.1,0.04
soft_median,4,0.995,10,0.14285714285714285,0.11363636363636363,0.25,0.1,0.04
soft_median,4,0.9975,10,0.15384615384615385,0.11627906976744186,0.3333333333333333,0.1,0.03
soft_median,4,1.0,10,0.0,0.0,0.0,0.0,0.0
soft_median,5,0.8,6,0.4,0.5813953488372093,0.2631578947368421,0.8333333333333334,0.19
soft_median,5,0.8025,6,0.4166666666666667,0.5952380952380952,0.2777777777777778,0.8333333333333334,0.18
soft_median,5,0.805,6,0.4166666666666667,0.5952380952380952,0.2777777777777778,0.8333333333333334,0.18
soft_median,5,0.8075,6,0.4166666666666667,0.5952380952380952,0.2777777777777778,0.8333333333333334,0.18
soft_median,5,0.81,6,0.34782608695652173,0.4878048780487805,0.23529411764705882,0.6666666666666666,0.17
soft_median,5,0.8125,6,0.34782608695652173,0.4878048780487805,0.23529411764705882,0.6666666666666666,0.17
soft_median,5,0.815,6,0.36363636363636365,0.5,0.25,0.6666666666666666,0.16
soft_median,5,0.8175,6,0.36363636363636365,0.5,0.25,0.6666666666666666,0.16
soft_median,5,0.82,6,0.36363636363636365,0.5,0.25,0.6666666666666666,0.16
soft_median,5,0.8225,6,0.38095238095238093,0.5128205128205128,0.26666666666666666,0.6666666666666666,0.15
soft_median,5,0.825,6,0.4,0.5263157894736842,0.2857142857142857,0.6666666666666666,0.14
soft_median,5,0.8275,6,0.42105263157894735,0.5405405405405406,0.3076923076923077,0.6666666666666666,0.13
soft_median,5,0.83,6,0.42105263157894735,0.5405405405405406,0.3076923076923077,0.6666666666666666,0.13
soft_median,5,0.8325,6,0.4444444444444444,0.5555555555555556,0.3333333333333333,0.6666666666666666,0.12
soft_median,5,0.835,6,0.4444444444444444,0.5555555555555556,0.3333333333333333,0.6666666666666666,0.12
soft_median,5,0.8375,6,0.47058823529411764,0.5714285714285714,0.36363636363636365,0.6666666666666666,0.11
soft_median,5,0.84,6,0.5,0.5882352941176471,0.4,0.6666666666666666,0.1
soft_median,5,0.8425,6,0.5,0.5882352941176471,0.4,0.6666666666666666,0.1
soft_median,5,0.845,6,0.5,0.5882352941176471,0.4,0.6666666666666666,0.1
soft_median,5,0.8475,6,0.5,0.5882352941176471,0.4,0.6666666666666666,0.1
soft_median,5,0.85,6,0.5,0.5882352941176471,0.4,0.6666666666666666,0.1
soft_median,5,0.8525,6,0.5,0.5882352941176471,0.4,0.6666666666666666,0.1
soft_median,5,0.855,6,0.5,0.5882352941176471,0.4,0.6666666666666666,0.1
soft_median,5,0.8575,6,0.5,0.5882352941176471,0.4,0.6666666666666666,0.1
soft_median,5,0.86,6,0.5,0.5882352941176471,0.4,0.6666666666666666,0.1
soft_median,5,0.8625,6,0.5,0.5882352941176471,0.4,0.6666666666666666,0.1
soft_median,5,0.865,6,0.5,0.5882352941176471,0.4,0.6666666666666666,0.1
soft_median,5,0.8675,6,0.5,0.5882352941176471,0.4,0.6666666666666666,0.1
soft_median,5,0.87,6,0.5,0.5882352941176471,0.4,0.6666666666666666,0.1
soft_median,5,0.8725,6,0.5,0.5882352941176471,0.4,0.6666666666666666,0.1
soft_median,5,0.875,6,0.5714285714285714,0.625,0.5,0.6666666666666666,0.08
soft_median,5,0.8775,6,0.5714285714285714,0.625,0.5,0.6666666666666666,0.08
soft_median,5,0.88,6,0.5714285714285714,0.625,0.5,0.6666666666666666,0.08
soft_median,5,0.8825,6,0.46153846153846156,0.4838709677419355,0.42857142857142855,0.5,0.07
soft_median,5,0.885,6,0.46153846153846156,0.4838709677419355,0.42857142857142855,0.5,0.07
soft_median,5,0.8875,6,0.3333333333333333,0.3333333333333333,0.3333333333333333,0.3333333333333333,0.06
soft_median,5,0.89,6,0.36363636363636365,0.3448275862068966,0.4,0.3333333333333333,0.05
soft_median,5,0.8925,6,0.36363636363636365,0.3448275862068966,0.4,0.3333333333333333,0.05
soft_median,5,0.895,6,0.36363636363636365,0.3448275862068966,0.4,0.3333333333333333,0.05
soft_median,5,0.8975,6,0.2,0.17857142857142858,0.25,0.16666666666666666,0.04
soft_median,5,0.9,6,0.2,0.17857142857142858,0.25,0.16666666666666666,0.04
soft_median,5,0.9025,6,0.2,0.17857142857142858,0.25,0.16666666666666666,0.04
soft_median,5,0.905,6,0.2,0.17857142857142858,0.25,0.16666666666666666,0.04
soft_median,5,0.9075,6,0.2,0.17857142857142858,0.25,0.16666666666666666,0.04
soft_median,5,0.91,6,0.2,0.17857142857142858,0.25,0.16666666666666666,0.04
soft_median,5,0.9125,6,0.2,0.17857142857142858,0.25,0.16666666666666666,0.04
soft_median,5,0.915,6,0.2,0.17857142857142858,0.25,0.16666666666666666,0.04
soft_median,5,0.9175,6,0.2,0.17857142857142858,0.25,0.16666666666666666,0.04
soft_median,5,0.92,6,0.2,0.17857142857142858,0.25,0.16666666666666666,0.04
soft_median,5,0.9225,6,0.2,0.17857142857142858,0.25,0.16666666666666666,0.04
soft_median,5,0.925,6,0.2,0.17857142857142858,0.25,0.16666666666666666,0.04
soft_median,5,0.9275,6,0.2,0.17857142857142858,0.25,0.16666666666666666,0.04
soft_median,5,0.93,6,0.2,0.17857142857142858,0.25,0.16666666666666666,0.04
soft_median,5,0.9325,6,0.2,0.17857142857142858,0.25,0.16666666666666666,0.04
soft_median,5,0.935,6,0.2,0.17857142857142858,0.25,0.16666666666666666,0.04
soft_median,5,0.9375,6,0.2,0.17857142857142858,0.25,0.16666666666666666,0.04
soft_median,5,0.94,6,0.2,0.17857142857142858,0.25,0.16666666666666666,0.04
soft_median,5,0.9425,6,0.2,0.17857142857142858,0.25,0.16666666666666666,0.04
soft_median,5,0.945,6,0.2222222222222222,0.18518518518518517,0.3333333333333333,0.16666666666666666,0.03
soft_median,5,0.9475,6,0.2222222222222222,0.18518518518518517,0.3333333333333333,0.16666666666666666,0.03
soft_median,5,0.95,6,0.2222222222222222,0.18518518518518517,0.3333333333333333,0.16666666666666666,0.03
soft_median,5,0.9525,6,0.2222222222222222,0.18518518518518517,0.3333333333333333,0.16666666666666666,0.03
soft_median,5,0.955,6,0.2222222222222222,0.18518518518518517,0.3333333333333333,0.16666666666666666,0.03
soft_median,5,0.9575,6,0.0,0.0,0.0,0.0,0.02
soft_median,5,0.96,6,0.0,0.0,0.0,0.0,0.02
soft_median,5,0.9625,6,0.0,0.0,0.0,0.0,0.02
soft_median,5,0.965,6,0.0,0.0,0.0,0.0,0.02
soft_median,5,0.9675,6,0.0,0.0,0.0,0.0,0.02
soft_median,5,0.97,6,0.0,0.0,0.0,0.0,0.02
soft_median,5,0.9725,6,0.0,0.0,0.0,0.0,0.02
soft_median,5,0.975,6,0.0,0.0,0.0,0.0,0.02
soft_median,5,0.9775,6,0.0,0.0,0.0,0.0,0.02
soft_median,5,0.98,6,0.0,0.0,0.0,0.0,0.02
soft_median,5,0.9825,6,0.0,0.0,0.0,0.0,0.02
soft_median,5,0.985,6,0.0,0.0,0.0,0.0,0.02
soft_median,5,0.9875,6,0.0,0.0,0.0,0.0,0.02
soft_median,5,0.99,6,0.0,0.0,0.0,0.0,0.02
soft_median,5,0.9925,6,0.0,0.0,0.0,0.0,0.02
soft_median,5,0.995,6,0.0,0.0,0.0,0.0,0.02
soft_median,5,0.9975,6,0.0,0.0,0.0,0.0,0.02
soft_median,5,1.0,6,0.0,0.0,0.0,0.0,0.01
soft_median,weighted,0.8,135,0.5462915762163206,0.7212190133216348,0.3909104553030945,0.9333333333333333,0.827121259723725
soft_median,weighted,0.8025,135,0.5474580300264527,0.7224173757331076,0.3918332281556919,0.9333333333333333,0.8244545930570583
soft_median,weighted,0.805,135,0.5474580300264527,0.7224173757331076,0.3918332281556919,0.9333333333333333,0.8244545930570583
soft_median,weighted,0.8075,135,0.5474580300264527,0.7224173757331076,0.3918332281556919,0.9333333333333333,0.8244545930570583
soft_median,weighted,0.81,135,0.5445471918266324,0.7178438230739296,0.3900410518805718,0.9259259259259259,0.8232694078718731
soft_median,weighted,0.8125,135,0.5459950314696348,0.7187929387076916,0.39159572196375136,0.9259259259259259,0.8201504994898068
soft_median,weighted,0.815,135,0.5481600284726158,0.7202889021882106,0.39382684961351355,0.9259259259259259,0.816587146663296
soft_median,weighted,0.8175,135,0.5481600284726158,0.7202889021882106,0.39382684961351355,0.9259259259259259,0.816587146663296
soft_median,weighted,0.82,135,0.5495656109423046,0.7213793514783823,0.3951813349039431,0.9259259259259259,0.8132804412650875
soft_median,weighted,0.8225,135,0.5504913449604807,0.7221576939233915,0.3960235072797618,0.9259259259259259,0.8120952560799023
soft_median,weighted,0.825,135,0.5514979423868313,0.7229698175425326,0.3969743978081171,0.9259259259259259,0.8107633895599169
soft_median,weighted,0.8275,135,0.5539106296045965,0.7245608663423961,0.39955210252089807,0.9259259259259259,0.8072000367334062
soft_median,weighted,0.83,135,0.5542430132703136,0.7249973297418224,0.3997699674446454,0.9259259259259259,0.8057185552519247
soft_median,weighted,0.8325,135,0.5582816640233448,0.7275971282946954,0.4041835972773785,0.9259259259259259,0.7990362940433476
soft_median,weighted,0.835,135,0.5582816640233448,0.7275971282946954,0.4041835972773785,0.9259259259259259,0.7990362940433476
soft_median,weighted,0.8375,135,0.5644079510517791,0.731691774097901,0.41086139679315536,0.9259259259259259,0.7877536429712229
soft_median,weighted,0.84,135,0.5657151405942628,0.7324387395507488,0.41247755840931694,0.9259259259259259,0.7873091985267784
soft_median,weighted,0.8425,135,0.5625544254674939,0.7275037877848914,0.4106761212590426,0.9185185185185185,0.7834495494039715
soft_median,weighted,0.845,135,0.5641152263374485,0.728481822096259,0.4124274850259102,0.9185185185185185,0.7803306410219051
soft_median,weighted,0.8475,135,0.5659585718555302,0.7300988771577008,0.41408924541541026,0.9185185185185185,0.775542454142215
soft_median,weighted,0.85,135,0.5681619462849209,0.7318522482262478,0.4162934372688662,0.9185185185185185,0.7702013235379265
soft_median,weighted,0.8525,135,0.5698920409294065,0.7332883284723932,0.4178979826352115,0.9185185185185185,0.7661538773989771
soft_median,weighted,0.855,135,0.5701265585768596,0.7335667426253778,0.41806042578011077,0.9185185185185185,0.7654131366582363
soft_median,weighted,0.8575,135,0.5716642240261609,0.7347524777346645,0.4195458607752232,0.9185185185185185,0.7619597499252276
soft_median,weighted,0.86,135,0.5687628906869745,0.7300900521730952,0.41786713727932456,0.9111111111111111,0.7585063631922188
soft_median,weighted,0.8625,135,0.5656235847756316,0.725169750457204,0.4160929996242161,0.9037037037037037,0.7546467140694118
soft_median,weighted,0.865,135,0.5621911353392834,0.7199254961576941,0.41410640350428657,0.8962962962962963,0.7515278056873455
soft_median,weighted,0.8675,135,0.5671965724193304,0.7233699325720467,0.4194627682695985,0.8962962962962963,0.7410958614494633
soft_median,weighted,0.87,135,0.5671965724193304,0.7233699325720467,0.4194627682695985,0.8962962962962963,0.7410958614494633
soft_median,weighted,0.8725,135,0.5674799158720727,0.7236864884441582,0.4196661088650959,0.8962962962962963,0.7403551207087226
soft_median,weighted,0.875,135,0.5706545190466759,0.7253204753722627,0.4241105533095404,0.8962962962962963,0.7394662318198338
soft_median,weighted,0.8775,135,0.5706625294253858,0.7225134279331092,0.42564981062248824,0.8888888888888888,0.7303279720472908
soft_median,weighted,0.88,135,0.5649118875987523,0.7133296199561261,0.42230384654627084,0.8740740740740741,0.7263216415896835
soft_median,weighted,0.8825,135,0.5627786461385077,0.7092295930352343,0.4218646785313452,0.8666666666666667,0.71979532580021
soft_median,weighted,0.885,135,0.5647224138803333,0.7105233742616822,0.4240250966881154,0.8666666666666667,0.7159356766774029
soft_median,weighted,0.8875,135,0.5593469368067429,0.7041593220216004,0.42003838572466023,0.8592592592592593,0.7147504914922177
soft_median,weighted,0.89,135,0.5561865000912636,0.6962755811270073,0.42089825246161117,0.8444444444444444,0.7079933329876962
soft_median,weighted,0.8925,135,0.5591611293572077,0.6981417690808047,0.4242497815581275,0.8444444444444444,0.7023084599481618
soft_median,weighted,0.895,135,0.5591611293572077,0.6981417690808047,0.4242497815581275,0.8444444444444444,0.7023084599481618
soft_median,weighted,0.8975,135,0.5541506080639746,0.6923169168634524,0.42003798670465337,0.837037037037037,0.6972636256401697
soft_median,weighted,0.9,135,0.5561534737351731,0.6936082592682913,0.4223138568167808,0.837037037037037,0.6934039765173626
soft_median,weighted,0.9025,135,0.5571822803195353,0.6945579268846256,0.42314927870483426,0.837037037037037,0.6910350729603404
soft_median,weighted,0.905,135,0.5606023364338791,0.6967790797174137,0.4269391121432748,0.837037037037037,0.6846094591800654
soft_median,weighted,0.9075,135,0.5623282981623517,0.6977806203415959,0.42903646502628745,0.837037037037037,0.6814905507979993
soft_median,weighted,0.91,135,0.5689796376463043,0.7017147715303687,0.4369973212769461,0.837037037037037,0.6695678609943324
soft_median,weighted,0.9125,135,0.5715873015873015,0.7034334328121198,0.439930098082272,0.837037037037037,0.6649674711307847
soft_median,weighted,0.915,135,0.5709721741899006,0.7002131443472857,0.4408664067558474,0.8296296296296296,0.6596263405264962
soft_median,weighted,0.9175,135,0.5727433656501351,0.7014311737338387,0.44269865966308913,0.8296296296296296,0.6563196351282875
soft_median,weighted,0.92,135,0.5768826907237805,0.703831615747219,0.4478057186734383,0.8296296296296296,0.6493410776234143
soft_median,weighted,0.9225,135,0.5820763916408032,0.706837716551199,0.45419380236161616,0.8296296296296296,0.6405372962018138
soft_median,weighted,0.925,135,0.5840132961418102,0.7078955919088589,0.45671177821292536,0.8296296296296296,0.6374183878197475
soft_median,weighted,0.9275,135,0.5893617896830748,0.7109425119341912,0.46341583958686355,0.8296296296296296,0.6283212437285467
soft_median,weighted,0.93,135,0.5894135220924587,0.7077659578263972,0.46563873671317746,0.8222222222222222,0.6200704060315445
soft_median,weighted,0.9325,135,0.5928730537221956,0.709759280616796,0.4699328223908584,0.8222222222222222,0.6143855329920104
soft_median,weighted,0.935,135,0.5900285769588202,0.7048503819466042,0.4687995139982908,0.8148148148148148,0.6097851431284625
soft_median,weighted,0.9375,135,0.5920752498530277,0.7059255081589946,0.47158473583113164,0.8148148148148148,0.6065195534115962
soft_median,weighted,0.94,135,0.5940182421152395,0.7071989059277195,0.47367934828252284,0.8148148148148148,0.6032128480133876
soft_median,weighted,0.9425,135,0.5940182421152395,0.7071989059277195,0.47367934828252284,0.8148148148148148,0.6032128480133876
soft_median,weighted,0.945,135,0.5956124390906998,0.7046205115138071,0.4803509470923186,0.8074074074074075,0.5937768251312002
soft_median,weighted,0.9475,135,0.5944120301055104,0.7006600841850479,0.481199294532628,0.8,0.5866104706101846
soft_median,weighted,0.95,135,0.5965369190846898,0.701985869004153,0.4835944919278253,0.8,0.5833037652119759
soft_median,weighted,0.9525,135,0.5962777114031594,0.6986473041711988,0.48533042846768343,0.7925925925925926,0.5759496136748178
soft_median,weighted,0.955,135,0.6000230899577305,0.7008788536566315,0.4897654320987655,0.7925925925925926,0.5700769436191412
soft_median,weighted,0.9575,135,0.5923420121760301,0.690378904249872,0.48059415255463883,0.7777777777777778,0.5582627530956283
soft_median,weighted,0.96,135,0.5944824740117269,0.6914656069984659,0.4836310031778541,0.7777777777777778,0.5549971633787619
soft_median,weighted,0.9625,135,0.5983769123716972,0.6937177753796665,0.4883960573476703,0.7777777777777778,0.5491244933230853
soft_median,weighted,0.965,135,0.5970743003500055,0.6895931176602376,0.4892802368666016,0.7703703703703704,0.5432518232674087
soft_median,weighted,0.9675,135,0.6098975939186407,0.6967395310675419,0.5056231097758721,0.7703703703703704,0.5244026485895923
soft_median,weighted,0.97,135,0.6099599796553594,0.6930920614654524,0.509048660211451,0.762962962962963,0.515598867167992
soft_median,weighted,0.9725,135,0.6169517983025609,0.6930294228430876,0.5221450828740497,0.7555555555555555,0.49835645103324694
soft_median,weighted,0.975,135,0.6074369425246618,0.67696765734007,0.5194135447300005,0.7333333333333333,0.48605816719729533
soft_median,weighted,0.9775,135,0.612399931294458,0.6793550260826827,0.5271430286755958,0.7333333333333333,0.47963255341702044
soft_median,weighted,0.98,135,0.6111754412317413,0.6748753734297952,0.5297304564092223,0.725925925925926,0.4736132020265436
soft_median,weighted,0.9825,135,0.607975488191476,0.6616263729214247,0.5379420751086038,0.7037037037037037,0.4538048212343308
soft_median,weighted,0.985,135,0.6131088677081571,0.6598980919815978,0.5522770185515283,0.6962962962962963,0.44008757587145025
soft_median,weighted,0.9875,135,0.600225512869191,0.6420034770361568,0.5450911228689006,0.674074074074074,0.4285300327762394
soft_median,weighted,0.99,135,0.6077097505668935,0.6452470833001807,0.5600946591466046,0.674074074074074,0.4195384543384965
soft_median,weighted,0.9925,135,0.6100259310541654,0.6462516161674586,0.564170757102484,0.674074074074074,0.41697248968102857
soft_median,weighted,0.995,135,0.610586581362837,0.6423458044540665,0.570585303554185,0.6666666666666666,0.4087216519840265
soft_median,weighted,0.9975,135,0.6275180157533099,0.6369782147433878,0.6222222222222221,0.6444444444444445,0.3638153228004832
soft_median,weighted,1.0,135,0.6240139284583729,0.6315662996166711,0.613020753423957,0.6370370370370371,0.35289781843681445
soft_mean,1,0.8,53,0.574585635359116,0.7647058823529411,0.40625,0.9811320754716981,0.8366013071895425
soft_mean,1,0.8025,53,0.574585635359116,0.7647058823529411,0.40625,0.9811320754716981,0.8366013071895425
soft_mean,1,0.805,53,0.574585635359116,0.7647058823529411,0.40625,0.9811320754716981,0.8366013071895425
soft_mean,1,0.8075,53,0.574585635359116,0.7647058823529411,0.40625,0.9811320754716981,0.8366013071895425
soft_mean,1,0.81,53,0.574585635359116,0.7647058823529411,0.40625,0.9811320754716981,0.8366013071895425
soft_mean,1,0.8125,53,0.574585635359116,0.7647058823529411,0.40625,0.9811320754716981,0.8366013071895425
soft_mean,1,0.815,53,0.574585635359116,0.7647058823529411,0.40625,0.9811320754716981,0.8366013071895425
soft_mean,1,0.8175,53,0.574585635359116,0.7647058823529411,0.40625,0.9811320754716981,0.8366013071895425
soft_mean,1,0.82,53,0.574585635359116,0.7647058823529411,0.40625,0.9811320754716981,0.8366013071895425
soft_mean,1,0.8225,53,0.574585635359116,0.7647058823529411,0.40625,0.9811320754716981,0.8366013071895425
soft_mean,1,0.825,53,0.574585635359116,0.7647058823529411,0.40625,0.9811320754716981,0.8366013071895425
soft_mean,1,0.8275,53,0.574585635359116,0.7647058823529411,0.40625,0.9811320754716981,0.8366013071895425
soft_mean,1,0.83,53,0.5777777777777777,0.7669616519174042,0.4094488188976378,0.9811320754716981,0.8300653594771242
soft_mean,1,0.8325,53,0.5777777777777777,0.7669616519174042,0.4094488188976378,0.9811320754716981,0.8300653594771242
soft_mean,1,0.835,53,0.5777777777777777,0.7669616519174042,0.4094488188976378,0.9811320754716981,0.8300653594771242
soft_mean,1,0.8375,53,0.5777777777777777,0.7669616519174042,0.4094488188976378,0.9811320754716981,0.8300653594771242
soft_mean,1,0.84,53,0.5810055865921788,0.7692307692307693,0.4126984126984127,0.9811320754716981,0.8235294117647058
soft_mean,1,0.8425,53,0.5810055865921788,0.7692307692307693,0.4126984126984127,0.9811320754716981,0.8235294117647058
soft_mean,1,0.845,53,0.5810055865921788,0.7692307692307693,0.4126984126984127,0.9811320754716981,0.8235294117647058
soft_mean,1,0.8475,53,0.5810055865921788,0.7692307692307693,0.4126984126984127,0.9811320754716981,0.8235294117647058
soft_mean,1,0.85,53,0.5842696629213483,0.771513353115727,0.416,0.9811320754716981,0.8169934640522876
soft_mean,1,0.8525,53,0.5875706214689266,0.7738095238095238,0.41935483870967744,0.9811320754716981,0.8104575163398693
soft_mean,1,0.855,53,0.5795454545454546,0.7611940298507462,0.4146341463414634,0.9622641509433962,0.803921568627451
soft_mean,1,0.8575,53,0.5828571428571429,0.7634730538922155,0.4180327868852459,0.9622641509433962,0.7973856209150327
soft_mean,1,0.86,53,0.5828571428571429,0.7634730538922155,0.4180327868852459,0.9622641509433962,0.7973856209150327
soft_mean,1,0.8625,53,0.5828571428571429,0.7634730538922155,0.4180327868852459,0.9622641509433962,0.7973856209150327
soft_mean,1,0.865,53,0.5862068965517241,0.7657657657657657,0.4214876033057851,0.9622641509433962,0.7908496732026143
soft_mean,1,0.8675,53,0.5895953757225434,0.7680722891566265,0.425,0.9622641509433962,0.7843137254901961
soft_mean,1,0.87,53,0.5895953757225434,0.7680722891566265,0.425,0.9622641509433962,0.7843137254901961
soft_mean,1,0.8725,53,0.5895953757225434,0.7680722891566265,0.425,0.9622641509433962,0.7843137254901961
soft_mean,1,0.875,53,0.5930232558139535,0.770392749244713,0.42857142857142855,0.9622641509433962,0.7777777777777778
soft_mean,1,0.8775,53,0.5930232558139535,0.770392749244713,0.42857142857142855,0.9622641509433962,0.7777777777777778
soft_mean,1,0.88,53,0.5882352941176471,0.7598784194528876,0.42735042735042733,0.9433962264150944,0.7647058823529411
soft_mean,1,0.8825,53,0.5798816568047337,0.7469512195121951,0.4224137931034483,0.9245283018867925,0.7581699346405228
soft_mean,1,0.885,53,0.5798816568047337,0.7469512195121951,0.4224137931034483,0.9245283018867925,0.7581699346405228
soft_mean,1,0.8875,53,0.5798816568047337,0.7469512195121951,0.4224137931034483,0.9245283018867925,0.7581699346405228
soft_mean,1,0.89,53,0.5714285714285714,0.7339449541284404,0.41739130434782606,0.9056603773584906,0.7516339869281046
soft_mean,1,0.8925,53,0.5714285714285714,0.7339449541284404,0.41739130434782606,0.9056603773584906,0.7516339869281046
soft_mean,1,0.895,53,0.5748502994011976,0.7361963190184049,0.42105263157894735,0.9056603773584906,0.7450980392156863
soft_mean,1,0.8975,53,0.5748502994011976,0.7361963190184049,0.42105263157894735,0.9056603773584906,0.7450980392156863
soft_mean,1,0.9,53,0.5748502994011976,0.7361963190184049,0.42105263157894735,0.9056603773584906,0.7450980392156863
soft_mean,1,0.9025,53,0.5748502994011976,0.7361963190184049,0.42105263157894735,0.9056603773584906,0.7450980392156863
soft_mean,1,0.905,53,0.5783132530120482,0.7384615384615385,0.4247787610619469,0.9056603773584906,0.738562091503268
soft_mean,1,0.9075,53,0.5783132530120482,0.7384615384615385,0.4247787610619469,0.9056603773584906,0.738562091503268
soft_mean,1,0.91,53,0.5783132530120482,0.7384615384615385,0.4247787610619469,0.9056603773584906,0.738562091503268
soft_mean,1,0.9125,53,0.5853658536585366,0.7430340557275542,0.43243243243243246,0.9056603773584906,0.7254901960784313
soft_mean,1,0.915,53,0.5853658536585366,0.7430340557275542,0.43243243243243246,0.9056603773584906,0.7254901960784313
soft_mean,1,0.9175,53,0.588957055214724,0.7453416149068323,0.43636363636363634,0.9056603773584906,0.7189542483660131
soft_mean,1,0.92,53,0.5925925925925926,0.7476635514018691,0.44036697247706424,0.9056603773584906,0.7124183006535948
soft_mean,1,0.9225,53,0.5925925925925926,0.7476635514018691,0.44036697247706424,0.9056603773584906,0.7124183006535948
soft_mean,1,0.925,53,0.5962732919254659,0.75,0.4444444444444444,0.9056603773584906,0.7058823529411765
soft_mean,1,0.9275,53,0.6037735849056604,0.7547169811320755,0.4528301886792453,0.9056603773584906,0.6928104575163399
soft_mean,1,0.93,53,0.6075949367088608,0.7570977917981072,0.45714285714285713,0.9056603773584906,0.6862745098039216
soft_mean,1,0.9325,53,0.6075949367088608,0.7570977917981072,0.45714285714285713,0.9056603773584906,0.6862745098039216
soft_mean,1,0.935,53,0.6075949367088608,0.7570977917981072,0.45714285714285713,0.9056603773584906,0.6862745098039216
soft_mean,1,0.9375,53,0.5987261146496815,0.7436708860759493,0.4519230769230769,0.8867924528301887,0.6797385620915033
soft_mean,1,0.94,53,0.6025641025641025,0.746031746031746,0.4563106796116505,0.8867924528301887,0.673202614379085
soft_mean,1,0.9425,53,0.6064516129032258,0.7484076433121019,0.46078431372549017,0.8867924528301887,0.6666666666666666
soft_mean,1,0.945,53,0.6143790849673203,0.7532051282051282,0.47,0.8867924528301887,0.6535947712418301
soft_mean,1,0.9475,53,0.6143790849673203,0.7532051282051282,0.47,0.8867924528301887,0.6535947712418301
soft_mean,1,0.95,53,0.609271523178808,0.7419354838709677,0.46938775510204084,0.8679245283018868,0.6405228758169934
soft_mean,1,0.9525,53,0.6174496644295302,0.7467532467532467,0.4791666666666667,0.8679245283018868,0.6274509803921569
soft_mean,1,0.955,53,0.6344827586206897,0.756578947368421,0.5,0.8679245283018868,0.6013071895424836
soft_mean,1,0.9575,53,0.6433566433566433,0.7615894039735099,0.5111111111111111,0.8679245283018868,0.5882352941176471
soft_mean,1,0.96,53,0.656934306569343,0.7601351351351351,0.5357142857142857,0.8490566037735849,0.5490196078431373
soft_mean,1,0.9625,53,0.6716417910447762,0.7679180887372014,0.5555555555555556,0.8490566037735849,0.5294117647058824
soft_mean,1,0.965,53,0.676923076923077,0.7612456747404844,0.5714285714285714,0.8301886792452831,0.5032679738562091
soft_mean,1,0.9675,53,0.704,0.7746478873239436,0.6111111111111112,0.8301886792452831,0.47058823529411764
soft_mean,1,0.97,53,0.7096774193548387,0.7773851590106007,0.6197183098591549,0.8301886792452831,0.46405228758169936
soft_mean,1,0.9725,53,0.7154471544715447,0.7801418439716312,0.6285714285714286,0.8301886792452831,0.45751633986928103
soft_mean,1,0.975,53,0.7166666666666667,0.7706093189964157,0.6417910447761194,0.8113207547169812,0.43790849673202614
soft_mean,1,0.9775,53,0.717948717948718,0.7608695652173914,0.65625,0.7924528301886793,0.41830065359477125
soft_mean,1,0.98,53,0.717948717948718,0.7608695652173914,0.65625,0.7924528301886793,0.41830065359477125
soft_mean,1,0.9825,53,0.7027027027027027,0.7222222222222222,0.6724137931034483,0.7358490566037735,0.3790849673202614
soft_mean,1,0.985,53,0.6972477064220184,0.7089552238805971,0.6785714285714286,0.7169811320754716,0.3660130718954248
soft_mean,1,0.9875,53,0.6857142857142857,0.6818181818181818,0.6923076923076923,0.6792452830188679,0.33986928104575165
soft_mean,1,0.99,53,0.6862745098039216,0.6704980842911877,0.7142857142857143,0.660377358490566,0.3202614379084967
soft_mean,1,0.9925,53,0.6666666666666666,0.6274509803921569,0.7441860465116279,0.6037735849056604,0.28104575163398693
soft_mean,1,0.995,53,0.6593406593406593,0.6,0.7894736842105263,0.5660377358490566,0.24836601307189543
soft_mean,1,0.9975,53,0.6153846153846154,0.5063291139240507,0.96,0.4528301886792453,0.16339869281045752
soft_mean,1,1.0,53,0.5675675675675675,0.45064377682403434,1.0,0.39622641509433965,0.13725490196078433
soft_mean,2,0.8,64,0.6138613861386139,0.7868020304568528,0.4492753623188406,0.96875,0.9078947368421053
soft_mean,2,0.8025,64,0.6138613861386139,0.7868020304568528,0.4492753623188406,0.96875,0.9078947368421053
soft_mean,2,0.805,64,0.6138613861386139,0.7868020304568528,0.4492753623188406,0.96875,0.9078947368421053
soft_mean,2,0.8075,64,0.6138613861386139,0.7868020304568528,0.4492753623188406,0.96875,0.9078947368421053
soft_mean,2,0.81,64,0.6169154228855721,0.7888040712468194,0.45255474452554745,0.96875,0.9013157894736842
soft_mean,2,0.8125,64,0.6169154228855721,0.7888040712468194,0.45255474452554745,0.96875,0.9013157894736842
soft_mean,2,0.815,64,0.6169154228855721,0.7888040712468194,0.45255474452554745,0.96875,0.9013157894736842
soft_mean,2,0.8175,64,0.62,0.7908163265306123,0.45588235294117646,0.96875,0.8947368421052632
soft_mean,2,0.82,64,0.62,0.7908163265306123,0.45588235294117646,0.96875,0.8947368421052632
soft_mean,2,0.8225,64,0.62,0.7908163265306123,0.45588235294117646,0.96875,0.8947368421052632
soft_mean,2,0.825,64,0.62,0.7908163265306123,0.45588235294117646,0.96875,0.8947368421052632
soft_mean,2,0.8275,64,0.62,0.7908163265306123,0.45588235294117646,0.96875,0.8947368421052632
soft_mean,2,0.83,64,0.62,0.7908163265306123,0.45588235294117646,0.96875,0.8947368421052632
soft_mean,2,0.8325,64,0.6161616161616161,0.782051282051282,0.4552238805970149,0.953125,0.881578947368421
soft_mean,2,0.835,64,0.6161616161616161,0.782051282051282,0.4552238805970149,0.953125,0.881578947368421
soft_mean,2,0.8375,64,0.6192893401015228,0.7840616966580977,0.45864661654135336,0.953125,0.875
soft_mean,2,0.84,64,0.6192893401015228,0.7840616966580977,0.45864661654135336,0.953125,0.875
soft_mean,2,0.8425,64,0.6224489795918368,0.7860824742268041,0.4621212121212121,0.953125,0.868421052631579
soft_mean,2,0.845,64,0.6256410256410256,0.7881136950904393,0.46564885496183206,0.953125,0.8618421052631579
soft_mean,2,0.8475,64,0.6185567010309279,0.7772020725388601,0.46153846153846156,0.9375,0.8552631578947368
soft_mean,2,0.85,64,0.6217616580310881,0.7792207792207793,0.46511627906976744,0.9375,0.8486842105263158
soft_mean,2,0.8525,64,0.6217616580310881,0.7792207792207793,0.46511627906976744,0.9375,0.8486842105263158
soft_mean,2,0.855,64,0.625,0.78125,0.46875,0.9375,0.8421052631578947
soft_mean,2,0.8575,64,0.625,0.78125,0.46875,0.9375,0.8421052631578947
soft_mean,2,0.86,64,0.631578947368421,0.7853403141361257,0.47619047619047616,0.9375,0.8289473684210527
soft_mean,2,0.8625,64,0.631578947368421,0.7853403141361257,0.47619047619047616,0.9375,0.8289473684210527
soft_mean,2,0.865,64,0.6382978723404256,0.7894736842105263,0.4838709677419355,0.9375,0.8157894736842105
soft_mean,2,0.8675,64,0.6417112299465241,0.7915567282321899,0.4878048780487805,0.9375,0.8092105263157895
soft_mean,2,0.87,64,0.6304347826086957,0.7712765957446809,0.48333333333333334,0.90625,0.7894736842105263
soft_mean,2,0.8725,64,0.6304347826086957,0.7712765957446809,0.48333333333333334,0.90625,0.7894736842105263
soft_mean,2,0.875,64,0.6338797814207651,0.7733333333333333,0.48739495798319327,0.90625,0.7828947368421053
soft_mean,2,0.8775,64,0.6298342541436464,0.7640750670241286,0.48717948717948717,0.890625,0.7697368421052632
soft_mean,2,0.88,64,0.6298342541436464,0.7640750670241286,0.48717948717948717,0.890625,0.7697368421052632
soft_mean,2,0.8825,64,0.6298342541436464,0.7640750670241286,0.48717948717948717,0.890625,0.7697368421052632
soft_mean,2,0.885,64,0.6298342541436464,0.7640750670241286,0.48717948717948717,0.890625,0.7697368421052632
soft_mean,2,0.8875,64,0.6298342541436464,0.7640750670241286,0.48717948717948717,0.890625,0.7697368421052632
soft_mean,2,0.89,64,0.6298342541436464,0.7640750670241286,0.48717948717948717,0.890625,0.7697368421052632
soft_mean,2,0.8925,64,0.6368715083798883,0.7681940700808625,0.4956521739130435,0.890625,0.756578947368421
soft_mean,2,0.895,64,0.6404494382022472,0.7702702702702703,0.5,0.890625,0.75
soft_mean,2,0.8975,64,0.6363636363636364,0.7608695652173914,0.5,0.875,0.7368421052631579
soft_mean,2,0.9,64,0.6358381502890174,0.7534246575342466,0.5045871559633027,0.859375,0.7171052631578947
soft_mean,2,0.9025,64,0.6470588235294118,0.7596685082872928,0.5188679245283019,0.859375,0.6973684210526315
soft_mean,2,0.905,64,0.6470588235294118,0.7596685082872928,0.5188679245283019,0.859375,0.6973684210526315
soft_mean,2,0.9075,64,0.6626506024096386,0.7681564245810056,0.5392156862745098,0.859375,0.6710526315789473
soft_mean,2,0.91,64,0.6707317073170732,0.7724719101123596,0.55,0.859375,0.6578947368421053
soft_mean,2,0.9125,64,0.675,0.7670454545454546,0.5625,0.84375,0.631578947368421
soft_mean,2,0.915,64,0.6792452830188679,0.7692307692307693,0.5684210526315789,0.84375,0.625
soft_mean,2,0.9175,64,0.6792452830188679,0.7692307692307693,0.5684210526315789,0.84375,0.625
soft_mean,2,0.92,64,0.6878980891719745,0.7736389684813754,0.5806451612903226,0.84375,0.6118421052631579
soft_mean,2,0.9225,64,0.6967741935483871,0.7780979827089337,0.5934065934065934,0.84375,0.5986842105263158
soft_mean,2,0.925,64,0.6754966887417219,0.7434402332361516,0.5862068965517241,0.796875,0.5723684210526315
soft_mean,2,0.9275,64,0.6711409395973155,0.7331378299120235,0.5882352941176471,0.78125,0.5592105263157895
soft_mean,2,0.93,64,0.684931506849315,0.7396449704142012,0.6097560975609756,0.78125,0.5394736842105263
soft_mean,2,0.9325,64,0.6896551724137931,0.7418397626112759,0.6172839506172839,0.78125,0.5328947368421053
soft_mean,2,0.935,64,0.6944444444444444,0.7440476190476191,0.625,0.78125,0.5263157894736842
soft_mean,2,0.9375,64,0.6993006993006993,0.746268656716418,0.6329113924050633,0.78125,0.5197368421052632
soft_mean,2,0.94,64,0.7050359712230215,0.7401812688821753,0.6533333333333333,0.765625,0.4934210526315789
soft_mean,2,0.9425,64,0.7050359712230215,0.7401812688821753,0.6533333333333333,0.765625,0.4934210526315789
soft_mean,2,0.945,64,0.6956521739130435,0.7272727272727273,0.6486486486486487,0.75,0.4868421052631579
soft_mean,2,0.9475,64,0.6814814814814815,0.7033639143730887,0.647887323943662,0.71875,0.46710526315789475
soft_mean,2,0.95,64,0.6716417910447762,0.6901840490797546,0.6428571428571429,0.703125,0.4605263157894737
soft_mean,2,0.9525,64,0.6564885496183206,0.6656346749226006,0.6417910447761194,0.671875,0.4407894736842105
soft_mean,2,0.955,64,0.6511627906976745,0.6542056074766355,0.6461538461538462,0.65625,0.4276315789473684
soft_mean,2,0.9575,64,0.6614173228346457,0.658307210031348,0.6666666666666666,0.65625,0.4144736842105263
soft_mean,2,0.96,64,0.6507936507936508,0.6446540880503144,0.6612903225806451,0.640625,0.40789473684210525
soft_mean,2,0.9625,64,0.6557377049180327,0.6369426751592356,0.6896551724137931,0.625,0.3815789473684211
soft_mean,2,0.965,64,0.6610169491525424,0.6290322580645161,0.7222222222222222,0.609375,0.35526315789473684
soft_mean,2,0.9675,64,0.6379310344827587,0.6006493506493507,0.7115384615384616,0.578125,0.34210526315789475
soft_mean,2,0.97,64,0.631578947368421,0.5882352941176471,0.72,0.5625,0.32894736842105265
soft_mean,2,0.9725,64,0.6371681415929203,0.5901639344262295,0.7346938775510204,0.5625,0.3223684210526316
soft_mean,2,0.975,64,0.6238532110091743,0.5647840531561462,0.7555555555555555,0.53125,0.29605263157894735
soft_mean,2,0.9775,64,0.5346534653465347,0.46075085324232085,0.7297297297297297,0.421875,0.24342105263157895
soft_mean,2,0.98,64,0.5050505050505051,0.42955326460481097,0.7142857142857143,0.390625,0.23026315789473684
soft_mean,2,0.9825,64,0.4897959183673469,0.41379310344827586,0.7058823529411765,0.375,0.2236842105263158
soft_mean,2,0.985,64,0.43010752688172044,0.3508771929824561,0.6896551724137931,0.3125,0.19078947368421054
soft_mean,2,0.9875,64,0.367816091954023,0.2867383512544803,0.6956521739130435,0.25,0.1513157894736842
soft_mean,2,0.99,64,0.23376623376623376,0.16728624535315986,0.6923076923076923,0.140625,0.08552631578947369
soft_mean,2,0.9925,64,0.24,0.16853932584269662,0.8181818181818182,0.140625,0.07236842105263158
soft_mean,2,0.995,64,0.24,0.16853932584269662,0.8181818181818182,0.140625,0.07236842105263158
soft_mean,2,0.9975,64,0.11594202898550725,0.07662835249042145,0.8,0.0625,0.03289473684210526
soft_mean,2,1.0,64,0.05970149253731343,0.03861003861003861,0.6666666666666666,0.03125,0.019736842105263157
soft_mean,3,0.8,2,0.0,0.0,0.0,0.0,0.18811881188118812
soft_mean,3,0.8025,2,0.0,0.0,0.0,0.0,0.18811881188118812
soft_mean,3,0.805,2,0.0,0.0,0.0,0.0,0.18811881188118812
soft_mean,3,0.8075,2,0.0,0.0,0.0,0.0,0.18811881188118812
soft_mean,3,0.81,2,0.0,0.0,0.0,0.0,0.18811881188118812
soft_mean,3,0.8125,2,0.0,0.0,0.0,0.0,0.18811881188118812
soft_mean,3,0.815,2,0.0,0.0,0.0,0.0,0.18811881188118812
soft_mean,3,0.8175,2,0.0,0.0,0.0,0.0,0.18811881188118812
soft_mean,3,0.82,2,0.0,0.0,0.0,0.0,0.18811881188118812
soft_mean,3,0.8225,2,0.0,0.0,0.0,0.0,0.18811881188118812
soft_mean,3,0.825,2,0.0,0.0,0.0,0.0,0.18811881188118812
soft_mean,3,0.8275,2,0.0,0.0,0.0,0.0,0.18811881188118812
soft_mean,3,0.83,2,0.0,0.0,0.0,0.0,0.18811881188118812
soft_mean,3,0.8325,2,0.0,0.0,0.0,0.0,0.18811881188118812
soft_mean,3,0.835,2,0.0,0.0,0.0,0.0,0.18811881188118812
soft_mean,3,0.8375,2,0.0,0.0,0.0,0.0,0.1782178217821782
soft_mean,3,0.84,2,0.0,0.0,0.0,0.0,0.16831683168316833
soft_mean,3,0.8425,2,0.0,0.0,0.0,0.0,0.16831683168316833
soft_mean,3,0.845,2,0.0,0.0,0.0,0.0,0.16831683168316833
soft_mean,3,0.8475,2,0.0,0.0,0.0,0.0,0.16831683168316833
soft_mean,3,0.85,2,0.0,0.0,0.0,0.0,0.16831683168316833
soft_mean,3,0.8525,2,0.0,0.0,0.0,0.0,0.15841584158415842
soft_mean,3,0.855,2,0.0,0.0,0.0,0.0,0.15841584158415842
soft_mean,3,0.8575,2,0.0,0.0,0.0,0.0,0.15841584158415842
soft_mean,3,0.86,2,0.0,0.0,0.0,0.0,0.1485148514851485
soft_mean,3,0.8625,2,0.0,0.0,0.0,0.0,0.1485148514851485
soft_mean,3,0.865,2,0.0,0.0,0.0,0.0,0.1485148514851485
soft_mean,3,0.8675,2,0.0,0.0,0.0,0.0,0.1485148514851485
soft_mean,3,0.87,2,0.0,0.0,0.0,0.0,0.1485148514851485
soft_mean,3,0.8725,2,0.0,0.0,0.0,0.0,0.13861386138613863
soft_mean,3,0.875,2,0.0,0.0,0.0,0.0,0.13861386138613863
soft_mean,3,0.8775,2,0.0,0.0,0.0,0.0,0.12871287128712872
soft_mean,3,0.88,2,0.0,0.0,0.0,0.0,0.09900990099009901
soft_mean,3,0.8825,2,0.0,0.0,0.0,0.0,0.0891089108910891
soft_mean,3,0.885,2,0.0,0.0,0.0,0.0,0.0891089108910891
soft_mean,3,0.8875,2,0.0,0.0,0.0,0.0,0.0891089108910891
soft_mean,3,0.89,2,0.0,0.0,0.0,0.0,0.0891089108910891
soft_mean,3,0.8925,2,0.0,0.0,0.0,0.0,0.0891089108910891
soft_mean,3,0.895,2,0.0,0.0,0.0,0.0,0.0891089108910891
soft_mean,3,0.8975,2,0.0,0.0,0.0,0.0,0.0891089108910891
soft_mean,3,0.9,2,0.0,0.0,0.0,0.0,0.0891089108910891
soft_mean,3,0.9025,2,0.0,0.0,0.0,0.0,0.07920792079207921
soft_mean,3,0.905,2,0.0,0.0,0.0,0.0,0.07920792079207921
soft_mean,3,0.9075,2,0.0,0.0,0.0,0.0,0.07920792079207921
soft_mean,3,0.91,2,0.0,0.0,0.0,0.0,0.07920792079207921
soft_mean,3,0.9125,2,0.0,0.0,0.0,0.0,0.07920792079207921
soft_mean,3,0.915,2,0.0,0.0,0.0,0.0,0.07920792079207921
soft_mean,3,0.9175,2,0.0,0.0,0.0,0.0,0.07920792079207921
soft_mean,3,0.92,2,0.0,0.0,0.0,0.0,0.07920792079207921
soft_mean,3,0.9225,2,0.0,0.0,0.0,0.0,0.07920792079207921
soft_mean,3,0.925,2,0.0,0.0,0.0,0.0,0.07920792079207921
soft_mean,3,0.9275,2,0.0,0.0,0.0,0.0,0.07920792079207921
soft_mean,3,0.93,2,0.0,0.0,0.0,0.0,0.06930693069306931
soft_mean,3,0.9325,2,0.0,0.0,0.0,0.0,0.06930693069306931
soft_mean,3,0.935,2,0.0,0.0,0.0,0.0,0.06930693069306931
soft_mean,3,0.9375,2,0.0,0.0,0.0,0.0,0.0594059405940594
soft_mean,3,0.94,2,0.0,0.0,0.0,0.0,0.0594059405940594
soft_mean,3,0.9425,2,0.0,0.0,0.0,0.0,0.0594059405940594
soft_mean,3,0.945,2,0.0,0.0,0.0,0.0,0.0594059405940594
soft_mean,3,0.9475,2,0.0,0.0,0.0,0.0,0.0594059405940594
soft_mean,3,0.95,2,0.0,0.0,0.0,0.0,0.0594059405940594
soft_mean,3,0.9525,2,0.0,0.0,0.0,0.0,0.0594059405940594
soft_mean,3,0.955,2,0.0,0.0,0.0,0.0,0.0594059405940594
soft_mean,3,0.9575,2,0.0,0.0,0.0,0.0,0.0594059405940594
soft_mean,3,0.96,2,0.0,0.0,0.0,0.0,0.0594059405940594
soft_mean,3,0.9625,2,0.0,0.0,0.0,0.0,0.039603960396039604
soft_mean,3,0.965,2,0.0,0.0,0.0,0.0,0.039603960396039604
soft_mean,3,0.9675,2,0.0,0.0,0.0,0.0,0.039603960396039604
soft_mean,3,0.97,2,0.0,0.0,0.0,0.0,0.039603960396039604
soft_mean,3,0.9725,2,0.0,0.0,0.0,0.0,0.039603960396039604
soft_mean,3,0.975,2,0.0,0.0,0.0,0.0,0.039603960396039604
soft_mean,3,0.9775,2,0.0,0.0,0.0,0.0,0.0297029702970297
soft_mean,3,0.98,2,0.0,0.0,0.0,0.0,0.0297029702970297
soft_mean,3,0.9825,2,0.0,0.0,0.0,0.0,0.0297029702970297
soft_mean,3,0.985,2,0.0,0.0,0.0,0.0,0.019801980198019802
soft_mean,3,0.9875,2,0.0,0.0,0.0,0.0,0.019801980198019802
soft_mean,3,0.99,2,0.0,0.0,0.0,0.0,0.019801980198019802
soft_mean,3,0.9925,2,0.0,0.0,0.0,0.0,0.019801980198019802
soft_mean,3,0.995,2,0.0,0.0,0.0,0.0,0.009900990099009901
soft_mean,3,0.9975,2,0.0,0.0,0.0,0.0,0.009900990099009901
soft_mean,3,1.0,2,0.0,0.0,0.0,0.0,0.0
soft_mean,4,0.8,10,0.1797752808988764,0.33613445378151263,0.10126582278481013,0.8,0.79
soft_mean,4,0.8025,10,0.1797752808988764,0.33613445378151263,0.10126582278481013,0.8,0.79
soft_mean,4,0.805,10,0.16470588235294117,0.30434782608695654,0.09333333333333334,0.7,0.75
soft_mean,4,0.8075,10,0.16666666666666666,0.30701754385964913,0.0945945945945946,0.7,0.74
soft_mean,4,0.81,10,0.16666666666666666,0.30701754385964913,0.0945945945945946,0.7,0.74
soft_mean,4,0.8125,10,0.1686746987951807,0.30973451327433627,0.0958904109589041,0.7,0.73
soft_mean,4,0.815,10,0.1686746987951807,0.30973451327433627,0.0958904109589041,0.7,0.73
soft_mean,4,0.8175,10,0.17073170731707318,0.3125,0.09722222222222222,0.7,0.72
soft_mean,4,0.82,10,0.17073170731707318,0.3125,0.09722222222222222,0.7,0.72
soft_mean,4,0.8225,10,0.1728395061728395,0.3153153153153153,0.09859154929577464,0.7,0.71
soft_mean,4,0.825,10,0.175,0.3181818181818182,0.1,0.7,0.7
soft_mean,4,0.8275,10,0.17721518987341772,0.3211009174311927,0.10144927536231885,0.7,0.69
soft_mean,4,0.83,10,0.18421052631578946,0.330188679245283,0.10606060606060606,0.7,0.66
soft_mean,4,0.8325,10,0.18666666666666668,0.3333333333333333,0.1076923076923077,0.7,0.65
soft_mean,4,0.835,10,0.1891891891891892,0.33653846153846156,0.109375,0.7,0.64
soft_mean,4,0.8375,10,0.1917808219178082,0.33980582524271846,0.1111111111111111,0.7,0.63
soft_mean,4,0.84,10,0.19444444444444445,0.3431372549019608,0.11290322580645161,0.7,0.62
soft_mean,4,0.8425,10,0.19444444444444445,0.3431372549019608,0.11290322580645161,0.7,0.62
soft_mean,4,0.845,10,0.19718309859154928,0.3465346534653465,0.11475409836065574,0.7,0.61
soft_mean,4,0.8475,10,0.2028985507246377,0.35353535353535354,0.11864406779661017,0.7,0.59
soft_mean,4,0.85,10,0.20588235294117646,0.35714285714285715,0.1206896551724138,0.7,0.58
soft_mean,4,0.8525,10,0.208955223880597,0.36082474226804123,0.12280701754385964,0.7,0.57
soft_mean,4,0.855,10,0.208955223880597,0.36082474226804123,0.12280701754385964,0.7,0.57
soft_mean,4,0.8575,10,0.21212121212121213,0.3645833333333333,0.125,0.7,0.56
soft_mean,4,0.86,10,0.1875,0.3191489361702128,0.1111111111111111,0.6,0.54
soft_mean,4,0.8625,10,0.1935483870967742,0.32608695652173914,0.11538461538461539,0.6,0.52
soft_mean,4,0.865,10,0.1935483870967742,0.32608695652173914,0.11538461538461539,0.6,0.52
soft_mean,4,0.8675,10,0.19672131147540983,0.32967032967032966,0.11764705882352941,0.6,0.51
soft_mean,4,0.87,10,0.19672131147540983,0.32967032967032966,0.11764705882352941,0.6,0.51
soft_mean,4,0.8725,10,0.19672131147540983,0.32967032967032966,0.11764705882352941,0.6,0.51
soft_mean,4,0.875,10,0.20689655172413793,0.3409090909090909,0.125,0.6,0.48
soft_mean,4,0.8775,10,0.20689655172413793,0.3409090909090909,0.125,0.6,0.48
soft_mean,4,0.88,10,0.21428571428571427,0.3488372093023256,0.13043478260869565,0.6,0.46
soft_mean,4,0.8825,10,0.21818181818181817,0.35294117647058826,0.13333333333333333,0.6,0.45
soft_mean,4,0.885,10,0.22641509433962265,0.3614457831325301,0.13953488372093023,0.6,0.43
soft_mean,4,0.8875,10,0.23529411764705882,0.37037037037037035,0.14634146341463414,0.6,0.41
soft_mean,4,0.89,10,0.24,0.375,0.15,0.6,0.4
soft_mean,4,0.8925,10,0.24,0.375,0.15,0.6,0.4
soft_mean,4,0.895,10,0.24489795918367346,0.379746835443038,0.15384615384615385,0.6,0.39
soft_mean,4,0.8975,10,0.21739130434782608,0.32894736842105265,0.1388888888888889,0.5,0.36
soft_mean,4,0.9,10,0.21739130434782608,0.32894736842105265,0.1388888888888889,0.5,0.36
soft_mean,4,0.9025,10,0.22727272727272727,0.33783783783783783,0.14705882352941177,0.5,0.34
soft_mean,4,0.905,10,0.23809523809523808,0.3472222222222222,0.15625,0.5,0.32
soft_mean,4,0.9075,10,0.24390243902439024,0.352112676056338,0.16129032258064516,0.5,0.31
soft_mean,4,0.91,10,0.24390243902439024,0.352112676056338,0.16129032258064516,0.5,0.31
soft_mean,4,0.9125,10,0.25,0.35714285714285715,0.16666666666666666,0.5,0.3
soft_mean,4,0.915,10,0.2564102564102564,0.36231884057971014,0.1724137931034483,0.5,0.29
soft_mean,4,0.9175,10,0.2631578947368421,0.36764705882352944,0.17857142857142858,0.5,0.28
soft_mean,4,0.92,10,0.2222222222222222,0.30303030303030304,0.15384615384615385,0.4,0.26
soft_mean,4,0.9225,10,0.17142857142857143,0.23076923076923078,0.12,0.3,0.25
soft_mean,4,0.925,10,0.18181818181818182,0.23809523809523808,0.13043478260869565,0.3,0.23
soft_mean,4,0.9275,10,0.1875,0.24193548387096775,0.13636363636363635,0.3,0.22
soft_mean,4,0.93,10,0.1935483870967742,0.2459016393442623,0.14285714285714285,0.3,0.21
soft_mean,4,0.9325,10,0.1935483870967742,0.2459016393442623,0.14285714285714285,0.3,0.21
soft_mean,4,0.935,10,0.2,0.25,0.15,0.3,0.2
soft_mean,4,0.9375,10,0.2,0.25,0.15,0.3,0.2
soft_mean,4,0.94,10,0.20689655172413793,0.2542372881355932,0.15789473684210525,0.3,0.19
soft_mean,4,0.9425,10,0.21428571428571427,0.25862068965517243,0.16666666666666666,0.3,0.18
soft_mean,4,0.945,10,0.23076923076923078,0.26785714285714285,0.1875,0.3,0.16
soft_mean,4,0.9475,10,0.23076923076923078,0.26785714285714285,0.1875,0.3,0.16
soft_mean,4,0.95,10,0.16,0.18181818181818182,0.13333333333333333,0.2,0.15
soft_mean,4,0.9525,10,0.17391304347826086,0.18867924528301888,0.15384615384615385,0.2,0.13
soft_mean,4,0.955,10,0.17391304347826086,0.18867924528301888,0.15384615384615385,0.2,0.13
soft_mean,4,0.9575,10,0.17391304347826086,0.18867924528301888,0.15384615384615385,0.2,0.13
soft_mean,4,0.96,10,0.17391304347826086,0.18867924528301888,0.15384615384615385,0.2,0.13
soft_mean,4,0.9625,10,0.2,0.2,0.2,0.2,0.1
soft_mean,4,0.965,10,0.21052631578947367,0.20408163265306123,0.2222222222222222,0.2,0.09
soft_mean,4,0.9675,10,0.23529411764705882,0.2127659574468085,0.2857142857142857,0.2,0.07
soft_mean,4,0.97,10,0.23529411764705882,0.2127659574468085,0.2857142857142857,0.2,0.07
soft_mean,4,0.9725,10,0.23529411764705882,0.2127659574468085,0.2857142857142857,0.2,0.07
soft_mean,4,0.975,10,0.26666666666666666,0.2222222222222222,0.4,0.2,0.05
soft_mean,4,0.9775,10,0.26666666666666666,0.2222222222222222,0.4,0.2,0.05
soft_mean,4,0.98,10,0.26666666666666666,0.2222222222222222,0.4,0.2,0.05
soft_mean,4,0.9825,10,0.26666666666666666,0.2222222222222222,0.4,0.2,0.05
soft_mean,4,0.985,10,0.14285714285714285,0.11363636363636363,0.25,0.1,0.04
soft_mean,4,0.9875,10,0.14285714285714285,0.11363636363636363,0.25,0.1,0.04
soft_mean,4,0.99,10,0.14285714285714285,0.11363636363636363,0.25,0.1,0.04
soft_mean,4,0.9925,10,0.14285714285714285,0.11363636363636363,0.25,0.1,0.04
soft_mean,4,0.995,10,0.16666666666666666,0.11904761904761904,0.5,0.1,0.02
soft_mean,4,0.9975,10,0.0,0.0,0.0,0.0,0.0
soft_mean,4,1.0,10,0.0,0.0,0.0,0.0,0.0
soft_mean,5,0.8,6,0.43478260869565216,0.6097560975609756,0.29411764705882354,0.8333333333333334,0.17
soft_mean,5,0.8025,6,0.43478260869565216,0.6097560975609756,0.29411764705882354,0.8333333333333334,0.17
soft_mean,5,0.805,6,0.45454545454545453,0.625,0.3125,0.8333333333333334,0.16
soft_mean,5,0.8075,6,0.45454545454545453,0.625,0.3125,0.8333333333333334,0.16
soft_mean,5,0.81,6,0.47619047619047616,0.6410256410256411,0.3333333333333333,0.8333333333333334,0.15
soft_mean,5,0.8125,6,0.4,0.5263157894736842,0.2857142857142857,0.6666666666666666,0.14
soft_mean,5,0.815,6,0.4,0.5263157894736842,0.2857142857142857,0.6666666666666666,0.14
soft_mean,5,0.8175,6,0.4,0.5263157894736842,0.2857142857142857,0.6666666666666666,0.14
soft_mean,5,0.82,6,0.42105263157894735,0.5405405405405406,0.3076923076923077,0.6666666666666666,0.13
soft_mean,5,0.8225,6,0.42105263157894735,0.5405405405405406,0.3076923076923077,0.6666666666666666,0.13
soft_mean,5,0.825,6,0.4444444444444444,0.5555555555555556,0.3333333333333333,0.6666666666666666,0.12
soft_mean,5,0.8275,6,0.4444444444444444,0.5555555555555556,0.3333333333333333,0.6666666666666666,0.12
soft_mean,5,0.83,6,0.5,0.5882352941176471,0.4,0.6666666666666666,0.1
soft_mean,5,0.8325,6,0.5,0.5882352941176471,0.4,0.6666666666666666,0.1
soft_mean,5,0.835,6,0.5,0.5882352941176471,0.4,0.6666666666666666,0.1
soft_mean,5,0.8375,6,0.5,0.5882352941176471,0.4,0.6666666666666666,0.1
soft_mean,5,0.84,6,0.5,0.5882352941176471,0.4,0.6666666666666666,0.1
soft_mean,5,0.8425,6,0.5,0.5882352941176471,0.4,0.6666666666666666,0.1
soft_mean,5,0.845,6,0.5,0.5882352941176471,0.4,0.6666666666666666,0.1
soft_mean,5,0.8475,6,0.5,0.5882352941176471,0.4,0.6666666666666666,0.1
soft_mean,5,0.85,6,0.5,0.5882352941176471,0.4,0.6666666666666666,0.1
soft_mean,5,0.8525,6,0.5,0.5882352941176471,0.4,0.6666666666666666,0.1
soft_mean,5,0.855,6,0.5,0.5882352941176471,0.4,0.6666666666666666,0.1
soft_mean,5,0.8575,6,0.5,0.5882352941176471,0.4,0.6666666666666666,0.1
soft_mean,5,0.86,6,0.5333333333333333,0.6060606060606061,0.4444444444444444,0.6666666666666666,0.09
soft_mean,5,0.8625,6,0.5333333333333333,0.6060606060606061,0.4444444444444444,0.6666666666666666,0.09
soft_mean,5,0.865,6,0.5333333333333333,0.6060606060606061,0.4444444444444444,0.6666666666666666,0.09
soft_mean,5,0.8675,6,0.5333333333333333,0.6060606060606061,0.4444444444444444,0.6666666666666666,0.09
soft_mean,5,0.87,6,0.5333333333333333,0.6060606060606061,0.4444444444444444,0.6666666666666666,0.09
soft_mean,5,0.8725,6,0.5714285714285714,0.625,0.5,0.6666666666666666,0.08
soft_mean,5,0.875,6,0.5714285714285714,0.625,0.5,0.6666666666666666,0.08
soft_mean,5,0.8775,6,0.6153846153846154,0.6451612903225806,0.5714285714285714,0.6666666666666666,0.07
soft_mean,5,0.88,6,0.5,0.5,0.5,0.5,0.06
soft_mean,5,0.8825,6,0.5,0.5,0.5,0.5,0.06
soft_mean,5,0.885,6,0.5,0.5,0.5,0.5,0.06
soft_mean,5,0.8875,6,0.5,0.5,0.5,0.5,0.06
soft_mean,5,0.89,6,0.5,0.5,0.5,0.5,0.06
soft_mean,5,0.8925,6,0.5,0.5,0.5,0.5,0.06
soft_mean,5,0.895,6,0.5,0.5,0.5,0.5,0.06
soft_mean,5,0.8975,6,0.36363636363636365,0.3448275862068966,0.4,0.3333333333333333,0.05
soft_mean,5,0.9,6,0.36363636363636365,0.3448275862068966,0.4,0.3333333333333333,0.05
soft_mean,5,0.9025,6,0.36363636363636365,0.3448275862068966,0.4,0.3333333333333333,0.05
soft_mean,5,0.905,6,0.2,0.17857142857142858,0.25,0.16666666666666666,0.04
soft_mean,5,0.9075,6,0.2,0.17857142857142858,0.25,0.16666666666666666,0.04
soft_mean,5,0.91,6,0.2,0.17857142857142858,0.25,0.16666666666666666,0.04
soft_mean,5,0.9125,6,0.2,0.17857142857142858,0.25,0.16666666666666666,0.04
soft_mean,5,0.915,6,0.2,0.17857142857142858,0.25,0.16666666666666666,0.04
soft_mean,5,0.9175,6,0.2,0.17857142857142858,0.25,0.16666666666666666,0.04
soft_mean,5,0.92,6,0.2,0.17857142857142858,0.25,0.16666666666666666,0.04
soft_mean,5,0.9225,6,0.2,0.17857142857142858,0.25,0.16666666666666666,0.04
soft_mean,5,0.925,6,0.2,0.17857142857142858,0.25,0.16666666666666666,0.04
soft_mean,5,0.9275,6,0.2,0.17857142857142858,0.25,0.16666666666666666,0.04
soft_mean,5,0.93,6,0.2,0.17857142857142858,0.25,0.16666666666666666,0.04
soft_mean,5,0.9325,6,0.2,0.17857142857142858,0.25,0.16666666666666666,0.04
soft_mean,5,0.935,6,0.2,0.17857142857142858,0.25,0.16666666666666666,0.04
soft_mean,5,0.9375,6,0.2,0.17857142857142858,0.25,0.16666666666666666,0.04
soft_mean,5,0.94,6,0.2222222222222222,0.18518518518518517,0.3333333333333333,0.16666666666666666,0.03
soft_mean,5,0.9425,6,0.2222222222222222,0.18518518518518517,0.3333333333333333,0.16666666666666666,0.03
soft_mean,5,0.945,6,0.2222222222222222,0.18518518518518517,0.3333333333333333,0.16666666666666666,0.03
soft_mean,5,0.9475,6,0.2222222222222222,0.18518518518518517,0.3333333333333333,0.16666666666666666,0.03
soft_mean,5,0.95,6,0.2222222222222222,0.18518518518518517,0.3333333333333333,0.16666666666666666,0.03
soft_mean,5,0.9525,6,0.2222222222222222,0.18518518518518517,0.3333333333333333,0.16666666666666666,0.03
soft_mean,5,0.955,6,0.2222222222222222,0.18518518518518517,0.3333333333333333,0.16666666666666666,0.03
soft_mean,5,0.9575,6,0.2222222222222222,0.18518518518518517,0.3333333333333333,0.16666666666666666,0.03
soft_mean,5,0.96,6,0.2222222222222222,0.18518518518518517,0.3333333333333333,0.16666666666666666,0.03
soft_mean,5,0.9625,6,0.0,0.0,0.0,0.0,0.02
soft_mean,5,0.965,6,0.0,0.0,0.0,0.0,0.02
soft_mean,5,0.9675,6,0.0,0.0,0.0,0.0,0.01
soft_mean,5,0.97,6,0.0,0.0,0.0,0.0,0.01
soft_mean,5,0.9725,6,0.0,0.0,0.0,0.0,0.01
soft_mean,5,0.975,6,0.0,0.0,0.0,0.0,0.01
soft_mean,5,0.9775,6,0.0,0.0,0.0,0.0,0.01
soft_mean,5,0.98,6,0.0,0.0,0.0,0.0,0.01
soft_mean,5,0.9825,6,0.0,0.0,0.0,0.0,0.01
soft_mean,5,0.985,6,0.0,0.0,0.0,0.0,0.01
soft_mean,5,0.9875,6,0.0,0.0,0.0,0.0,0.01
soft_mean,5,0.99,6,0.0,0.0,0.0,0.0,0.01
soft_mean,5,0.9925,6,0.0,0.0,0.0,0.0,0.01
soft_mean,5,0.995,6,0.0,0.0,0.0,0.0,0.01
soft_mean,5,0.9975,6,0.0,0.0,0.0,0.0,0.01
soft_mean,5,1.0,6,0.0,0.0,0.0,0.0,0.0
soft_mean,weighted,0.8,135,0.5492341914671637,0.7252194284231515,0.3930536096193099,0.9407407407407408,0.8277138523163176
soft_mean,weighted,0.8025,135,0.5492341914671637,0.7252194284231515,0.3930536096193099,0.9407407407407408,0.8277138523163176
soft_mean,weighted,0.805,135,0.5489962884274561,0.7235423701838076,0.39328301127214166,0.9333333333333333,0.8243064449089101
soft_mean,weighted,0.8075,135,0.5491415317099544,0.723740127055859,0.3933764380322351,0.9333333333333333,0.8235657041681694
soft_mean,weighted,0.81,135,0.5515513723149578,0.7254014934018715,0.3958570340413406,0.9333333333333333,0.8200023513416588
soft_mean,weighted,0.8125,135,0.548313872049345,0.7205045347710207,0.3938366183222948,0.9259259259259259,0.8188171661564735
soft_mean,weighted,0.815,135,0.548313872049345,0.7205045347710207,0.3938366183222948,0.9259259259259259,0.8188171661564735
soft_mean,weighted,0.8175,135,0.5499285610903991,0.7216633437000531,0.39551280388698684,0.9259259259259259,0.8149575170336665
soft_mean,weighted,0.82,135,0.5508642336050189,0.7222955548585801,0.3964896048637878,0.9259259259259259,0.814513072589222
soft_mean,weighted,0.8225,135,0.5510203668535942,0.7225040967337887,0.3965910364988658,0.9259259259259259,0.8137723318484812
soft_mean,weighted,0.825,135,0.5522200395607394,0.7233837642801229,0.3978349673202614,0.9259259259259259,0.812587146663296
soft_mean,weighted,0.8275,135,0.5523841276995111,0.7235999938541505,0.3979423210508035,0.9259259259259259,0.8118464059225553
soft_mean,weighted,0.83,135,0.5566246480398526,0.7266111926425209,0.4025026966697493,0.9259259259259259,0.8061693301539763
soft_mean,weighted,0.8325,135,0.5549869060980172,0.72268884963662,0.40231139879042105,0.9185185185185185,0.799190772649103
soft_mean,weighted,0.835,135,0.555173759618204,0.7229262665407035,0.4024360426650649,0.9185185185185185,0.7984500319083624
soft_mean,weighted,0.8375,135,0.5568485052436872,0.7241213789249906,0.40418727386172243,0.9185185185185185,0.7944437014507549
soft_mean,weighted,0.84,135,0.5583130244468695,0.7252589901412928,0.40559578955353337,0.9185185185185185,0.7909903147177464
soft_mean,weighted,0.8425,135,0.5598109276126481,0.7262169883960868,0.4072430052358368,0.9185185185185185,0.78787140633568
soft_mean,weighted,0.845,135,0.5615270571579749,0.7274315966990981,0.40905247091984953,0.9185185185185185,0.784011757212873
soft_mean,weighted,0.8475,135,0.5585919293526759,0.7227772497168685,0.40739198584772973,0.9111111111111111,0.7794113673493253
soft_mean,weighted,0.85,135,0.5616137909498731,0.7248976142325767,0.4105358400902907,0.9111111111111111,0.7729857535690503
soft_mean,weighted,0.8525,135,0.5631373428936941,0.7260718060697847,0.4120097665741972,0.9111111111111111,0.7695323668360415
soft_mean,weighted,0.855,135,0.5615219357756671,0.722081057551673,0.4118791106039715,0.9037037037037037,0.7638474937965073
soft_mean,weighted,0.8575,135,0.5630565977232644,0.7232541996616788,0.41337583485124474,0.9037037037037037,0.7605407883982985
soft_mean,weighted,0.86,135,0.5658331940963519,0.7226200367338166,0.41784967376952803,0.8962962962962963,0.75223036437344
soft_mean,weighted,0.8625,135,0.5662812227701871,0.723133964167263,0.4181662296416394,0.8962962962962963,0.7507488828919585
soft_mean,weighted,0.865,135,0.5707815793925657,0.7259935894565948,0.4231636868978022,0.8962962962962963,0.741945101470358
soft_mean,weighted,0.8675,135,0.5739650869972329,0.7281520656683578,0.4265751811112882,0.8962962962962963,0.735519487690083
soft_mean,weighted,0.87,135,0.5686192156667069,0.7185377806372424,0.42445533769063176,0.8814814814814815,0.7261627625438842
soft_mean,weighted,0.8725,135,0.5703123373598286,0.7193795314789933,0.4269244734931009,0.8814814814814815,0.7255716367646398
soft_mean,weighted,0.875,135,0.5740450038139356,0.7220980737214373,0.4307967631497043,0.8814814814814815,0.7176645415028834
soft_mean,weighted,0.8775,135,0.5740807261694961,0.7186050270410401,0.4338692172025505,0.8740740740740741,0.7108355989595061
soft_mean,weighted,0.88,135,0.5676201481206355,0.7086128341745966,0.43061783448256874,0.8592592592592593,0.7033376997142438
soft_mean,weighted,0.8825,135,0.564629172278981,0.7038417088029367,0.42889445590595016,0.8518518518518519,0.699884312981235
soft_mean,weighted,0.885,135,0.5652390445869666,0.7044716796667843,0.4293538300087351,0.8518518518518519,0.6984028314997536
soft_mean,weighted,0.8875,135,0.565896750017147,0.7051327602029206,0.4298580210971576,0.8518518518518519,0.696921350018272
soft_mean,weighted,0.89,135,0.5629267151919085,0.7003695322840858,0.4281572319253478,0.8444444444444444,0.6936146446200635
soft_mean,weighted,0.8925,135,0.5662628949779788,0.7023222448443152,0.4321739130434783,0.8444444444444444,0.6873768278559309
soft_mean,weighted,0.895,135,0.5696652555929187,0.7045420041459491,0.4359574149047833,0.8444444444444444,0.6809512140756561
soft_mean,weighted,0.8975,135,0.5596301468209826,0.6894258983951141,0.4304050249079488,0.8222222222222222,0.6720467306448566
soft_mean,weighted,0.9,135,0.5593810274967188,0.6858964606786603,0.43257967662388497,0.8148148148148148,0.6626900054986579
soft_mean,weighted,0.9025,135,0.5654324150273428,0.6895150617331997,0.43995499910214547,0.8148148148148148,0.6517051175361774
soft_mean,weighted,0.905,135,0.5603208851590614,0.6837103471296228,0.4354320111562556,0.8074074074074075,0.6472132269527835
soft_mean,weighted,0.9075,135,0.5681427063266616,0.6880965040269471,0.4454517146937649,0.8074074074074075,0.6339968526837776
soft_mean,weighted,0.91,135,0.5719737486531491,0.6901423638344037,0.450564278237701,0.8074074074074075,0.6277590359196451
soft_mean,weighted,0.9125,135,0.5772177055103884,0.6897375643505674,0.45989322655989323,0.8,0.6094107323357034
soft_mean,weighted,0.915,135,0.5797051179349079,0.6911569715670761,0.4631259571731441,0.8,0.6055510832128965
soft_mean,weighted,0.9175,135,0.5816148221256024,0.6924575850407052,0.46512543986228194,0.8,0.6022443778146878
soft_mean,weighted,0.92,135,0.5841119061973038,0.6906725467321384,0.4706607511283451,0.7925925925925926,0.5919591149116058
soft_mean,weighted,0.9225,135,0.5845573445095548,0.6874337777540126,0.47420349273560286,0.7851851851851852,0.5849805574067325
soft_mean,weighted,0.925,135,0.5766848471829756,0.6724633768851456,0.4731640352663174,0.762962962962963,0.5684574777395179
soft_mean,weighted,0.9275,135,0.5779853343276162,0.6697155890704278,0.4778570013864132,0.7555555555555555,0.5563469909197089
soft_mean,weighted,0.93,135,0.5864713478140262,0.6740289336050351,0.4902335785262614,0.7555555555555555,0.5435368790405012
soft_mean,weighted,0.9325,135,0.5887107151927417,0.6750694276836484,0.4938023384936965,0.7555555555555555,0.5404179706584349
soft_mean,weighted,0.935,135,0.5914590821482524,0.6764196974501916,0.497989417989418,0.7555555555555555,0.5365583215356278
soft_mean,weighted,0.9375,135,0.5902794728272435,0.6722013300985529,0.49969075696923804,0.7481481481481481,0.5307267671612935
soft_mean,weighted,0.94,135,0.5960036921833002,0.6708501314119171,0.5153833090457175,0.7407407407407407,0.5144999837903755
soft_mean,weighted,0.9425,135,0.5980772453209986,0.6721075874938034,0.5177893972403776,0.7407407407407407,0.5111932783921668
soft_mean,weighted,0.945,135,0.5979618983313214,0.6685556213333992,0.5207297297297298,0.7333333333333333,0.501460959213683
soft_mean,weighted,0.9475,135,0.5912439404378401,0.6572210729957928,0.5203688054251434,0.7185185185185186,0.4921042340674843
soft_mean,weighted,0.95,135,0.5793318421383394,0.6401752053004335,0.5137314184933232,0.6962962962962963,0.48311265562974137
soft_mean,weighted,0.9525,135,0.5763893567292856,0.6309366284215543,0.5185846054627149,0.6814814814814815,0.46714251968712517
soft_mean,weighted,0.955,135,0.5805516191086196,0.6293759011331281,0.5288319088319088,0.674074074074074,0.4506408442931209
soft_mean,weighted,0.9575,135,0.588896848351373,0.6332874327151378,0.5429186451408674,0.674074074074074,0.4392710982140525
soft_mean,weighted,0.96,135,0.5891909308672946,0.6262439063801748,0.5500288838998516,0.6592592592592592,0.42075640188717867
soft_mean,weighted,0.9625,135,0.5893646521490906,0.6182517771352797,0.5598694479920534,0.6444444444444445,0.39762284505024287
soft_mean,weighted,0.965,135,0.594720525782078,0.6121844563252247,0.5831863609641388,0.6296296296296297,0.37414261215136535
soft_mean,weighted,0.9675,135,0.5962409435804974,0.6046337484755225,0.5984036539592096,0.6148148148148148,0.3531490461739673
soft_mean,weighted,0.97,135,0.5954584965470814,0.599823198707847,0.6057941724420598,0.6074074074074074,0.3443452647523668
soft_mean,weighted,0.9725,135,0.6003733438919212,0.601819771172172,0.6162358276643991,0.6074074074074074,0.3386603917128326
soft_mean,weighted,0.975,135,0.5968637444784234,0.586745892822412,0.6397813402125176,0.5851851851851851,0.3170053827306822
soft_mean,weighted,0.9775,135,0.5550797814824218,0.5336026947129815,0.6332144644644645,0.5259259259259259,0.2842095403669481
soft_mean,weighted,0.98,135,0.54104578549023,0.5188127267663102,0.6258928571428573,0.5111111111111111,0.2779717236028155
soft_mean,weighted,0.9825,135,0.5278285087808897,0.496168582375479,0.6282548268349486,0.48148148148148145,0.2594570272759417
soft_mean,weighted,0.985,135,0.4882191228842112,0.453089858169722,0.6118682722130999,0.43703703703703706,0.2378431339751336
soft_mean,weighted,0.9875,135,0.4541604330110077,0.4120294944667704,0.6201040505388331,0.3925925925925926,0.20886582505286416
soft_mean,weighted,0.99,135,0.3908308104386536,0.3509561615288801,0.6271469271469272,0.3333333333333333,0.16997884725979762
soft_mean,weighted,0.9925,135,0.38608818342151674,0.3346502403783743,0.6985592357685381,0.3111111111111111,0.14834524255085751
soft_mean,weighted,0.995,135,0.38497571564238225,0.32427402255117604,0.7348573453836612,0.2962962962962963,0.13388725644723626
soft_mean,weighted,0.9975,135,0.2965605516330154,0.23510857479527153,0.7561481481481481,0.2074074074074074,0.08033478412627411
soft_mean,weighted,1.0,135,0.2511257526182899,0.19522342698308365,0.7086419753086419,0.17037037037037037,0.06324198295302527
